sales_id,ad_placed_on,sold_on,original_selling_price,Region,State,City,seller_type,owner,car_id
1,04-09-2016 21:15,,450000,East,District of Columbia,Washington,Individual,First Owner,123477
2,05-09-2016 00:15,,370000,East,New York,New York City,Individual,Second Owner,123478
3,13-09-2016 15:24,,158000,Central,Illinois,Chicago,Individual,Third Owner,123479
4,15-09-2016 12:16,09-11-2016 07:47,225000,Central,Illinois,Chicago,Individual,First Owner,123480
5,02-10-2016 22:07,,130000,East,New York,New York City,Individual,First Owner,123481
6,03-10-2016 09:44,26-10-2016 14:02,440000,East,New York,New York City,Individual,First Owner,123482
7,03-10-2016 16:56,27-10-2016 18:19,96000,West,California,Los Angeles,Individual,First Owner,123483
8,03-10-2016 21:01,08-11-2016 10:58,45000,West,California,Los Angeles,Individual,Second Owner,123484
9,03-10-2016 21:13,03-11-2016 10:58,350000,West,California,Los Angeles,Individual,First Owner,123485
10,03-10-2016 22:06,31-10-2016 11:07,200000,Central,Texas,Houston,Individual,First Owner,123486
11,03-10-2016 22:31,14-10-2016 16:08,500000,East,New York,New York City,Individual,Second Owner,123487
12,03-10-2016 22:44,03-11-2016 14:04,92000,Central,Texas,Houston,Individual,Second Owner,123488
13,03-10-2016 22:51,01-11-2016 15:14,280000,Central,Texas,Houston,Individual,Second Owner,123489
15,04-10-2016 09:06,22-10-2016 14:51,180000,East,Massachusetts,Boston,Individual,Second Owner,123491
16,04-10-2016 09:16,24-10-2016 16:33,400000,East,Massachusetts,Boston,Individual,First Owner,123492
17,04-10-2016 09:59,18-11-2016 08:51,778000,Central,Texas,Dallas,Individual,Second Owner,123493
18,04-10-2016 10:05,,500000,Central,Texas,Dallas,Individual,Second Owner,123494
19,04-10-2016 10:16,08-11-2016 10:41,150000,Central,Texas,Dallas,Individual,Second Owner,123495
20,04-10-2016 10:41,24-10-2016 16:29,680000,East,New York,New York City,Individual,First Owner,123496
21,04-10-2016 11:03,17-11-2016 19:14,174000,East,New York,New York City,Individual,Second Owner,123497
22,04-10-2016 11:44,,950000,East,New York,New York City,Individual,First Owner,123498
23,04-10-2016 12:06,26-10-2016 16:41,525000,Central,Texas,Dallas,Individual,First Owner,123499
24,04-10-2016 12:53,09-11-2016 13:37,600000,East,New York,New York City,Individual,First Owner,123500
25,04-10-2016 13:02,,500000,East,New York,New York City,Individual,First Owner,123501
26,04-10-2016 13:11,11-10-2016 13:46,575000,West,California,Los Angeles,Individual,First Owner,123502
27,04-10-2016 13:15,17-10-2016 11:25,275000,West,Washington,Seattle,Individual,First Owner,123503
28,04-10-2016 13:15,01-11-2016 18:07,300000,East,Massachusetts,Boston,Individual,First Owner,123504
29,04-10-2016 13:16,17-10-2016 20:24,220000,South,Georgia,Atlanta,Individual,First Owner,123505
30,04-10-2016 13:22,25-11-2016 13:17,254999,East,New York,New York City,Individual,First Owner,123506
31,04-10-2016 13:30,28-10-2016 17:05,670000,Central,Illinois,Chicago,Individual,First Owner,123507
33,04-10-2016 13:38,,150000,Central,Illinois,Chicago,Individual,Second Owner,123509
34,04-10-2016 13:40,17-10-2016 19:41,730000,West,Washington,Seattle,Individual,First Owner,123510
35,04-10-2016 13:45,18-10-2016 22:35,650000,West,Washington,Seattle,Individual,First Owner,123511
36,04-10-2016 14:13,11-10-2016 14:46,330000,West,Washington,Seattle,Individual,Second Owner,123512
37,04-10-2016 14:23,26-10-2016 15:03,366000,West,Washington,Seattle,Individual,First Owner,123513
38,04-10-2016 14:44,31-10-2016 14:23,1149000,East,District of Columbia,Washington,Individual,First Owner,123514
39,04-10-2016 14:49,31-10-2016 23:13,150000,West,California,Los Angeles,Individual,First Owner,123515
40,04-10-2016 14:51,,425000,South,North Carolina,Charlotte,Individual,Second Owner,123516
41,04-10-2016 15:02,,150000,West,California,Los Angeles,Individual,First Owner,123517
42,04-10-2016 15:02,26-10-2016 13:21,2100000,East,New York,New York City,Individual,First Owner,123518
43,04-10-2016 15:07,31-10-2016 21:57,925000,East,New York,New York City,Dealer,First Owner,123519
44,04-10-2016 15:10,13-10-2016 15:56,425000,East,New York,New York City,Dealer,First Owner,123520
45,04-10-2016 15:12,24-10-2016 20:35,675000,East,New York,New York City,Dealer,First Owner,123521
46,04-10-2016 15:35,28-10-2016 15:03,819999,Central,Illinois,Chicago,Dealer,First Owner,123522
47,04-10-2016 15:44,17-11-2016 08:38,390000,East,New York,New York City,Dealer,First Owner,123523
48,04-10-2016 16:02,07-11-2016 16:55,1500000,West,Washington,Seattle,Dealer,First Owner,123524
49,04-10-2016 16:05,03-11-2016 10:08,700000,East,New York,New York City,Dealer,First Owner,123525
50,04-10-2016 16:08,21-10-2016 16:19,1450000,East,New York,New York City,Dealer,Second Owner,123526
51,04-10-2016 16:28,,425000,East,New York,New York City,Dealer,First Owner,123527
52,04-10-2016 16:40,13-10-2016 15:56,1090000,West,Washington,Seattle,Dealer,First Owner,123528
53,04-10-2016 16:41,29-10-2016 12:53,600000,West,California,Los Angeles,Dealer,First Owner,123529
54,04-10-2016 17:08,21-11-2016 10:38,850000,East,New York,New York City,Dealer,First Owner,123530
55,04-10-2016 17:25,13-10-2016 15:45,525000,South,Georgia,Atlanta,Dealer,First Owner,123531
56,04-10-2016 18:02,31-10-2016 13:17,1650000,East,Massachusetts,Boston,Dealer,Second Owner,123532
57,04-10-2016 18:07,29-11-2016 15:23,950000,South,Georgia,Atlanta,Dealer,First Owner,123533
58,04-10-2016 18:52,04-11-2016 17:54,1750000,South,Georgia,Atlanta,Dealer,Second Owner,123534
59,04-10-2016 19:01,31-10-2016 17:06,1590000,South,Florida,Miami,Dealer,First Owner,123535
60,04-10-2016 19:25,17-11-2016 13:07,1689999,East,Massachusetts,Boston,Dealer,First Owner,123536
61,04-10-2016 19:30,13-10-2016 03:10,1425000,East,Massachusetts,Boston,Dealer,First Owner,123537
62,04-10-2016 19:41,,265000,East,Pennsylvania,Philadelphia,Individual,First Owner,123538
63,04-10-2016 19:41,17-11-2016 09:23,190000,West,California,San Diego,Individual,Third Owner,123539
64,04-10-2016 20:41,,425000,West,California,San Francisco,Individual,First Owner,123540
65,04-10-2016 20:41,03-11-2016 15:17,630000,West,California,San Francisco,Individual,Second Owner,123541
66,04-10-2016 21:25,05-11-2016 11:04,600000,East,District of Columbia,Washington,Individual,Third Owner,123542
67,04-10-2016 21:32,07-11-2016 15:11,650000,East,New York,New York City,Individual,First Owner,123543
68,04-10-2016 21:35,18-10-2016 22:57,540000,East,District of Columbia,Washington,Individual,First Owner,123544
69,04-10-2016 21:54,12-12-2016 20:31,630000,East,District of Columbia,Washington,Individual,First Owner,123545
70,04-10-2016 22:03,17-10-2016 15:36,448000,East,District of Columbia,Washington,Individual,First Owner,123546
71,04-10-2016 22:15,13-10-2016 16:00,500000,Central,Illinois,Chicago,Individual,First Owner,123547
72,04-10-2016 22:33,08-11-2016 14:03,745000,East,Massachusetts,Boston,Individual,First Owner,123548
73,04-10-2016 22:43,13-10-2016 15:44,1025000,East,Massachusetts,Boston,Individual,First Owner,123549
74,04-10-2016 23:08,04-11-2016 12:45,235000,East,New York,New York City,Individual,Second Owner,123550
75,04-10-2016 23:26,31-10-2016 21:49,630000,West,California,Los Angeles,Individual,First Owner,123551
76,04-10-2016 23:39,20-10-2016 19:14,1700000,West,California,Los Angeles,Individual,Second Owner,123552
77,04-10-2016 23:45,24-10-2016 16:25,450000,Central,Texas,Dallas,Individual,Second Owner,123553
78,04-10-2016 23:59,16-10-2016 10:41,450000,South,Florida,Miami,Individual,Second Owner,123554
80,05-10-2016 00:32,31-10-2016 14:03,450000,South,North Carolina,Charlotte,Individual,First Owner,123556
81,05-10-2016 01:47,,1200000,East,New York,New York City,Individual,First Owner,123557
82,05-10-2016 07:31,16-10-2016 14:36,610000,Central,Illinois,Chicago,Individual,First Owner,123558
83,05-10-2016 08:01,17-10-2016 16:47,2500000,Central,Illinois,Chicago,Individual,Second Owner,123559
84,05-10-2016 08:04,17-11-2016 16:23,484999,South,Florida,Miami,Dealer,First Owner,123560
85,05-10-2016 08:41,31-10-2016 21:41,275000,South,Florida,Miami,Dealer,First Owner,123561
86,05-10-2016 08:46,14-10-2016 03:10,315000,South,Florida,Miami,Dealer,First Owner,123562
87,05-10-2016 09:19,26-10-2016 10:38,275000,East,New York,New York City,Dealer,First Owner,123563
89,05-10-2016 09:46,14-10-2016 02:49,290000,South,Florida,Miami,Dealer,First Owner,123565
90,05-10-2016 11:01,13-10-2016 15:49,280000,Central,Michigan,Detroit,Dealer,First Owner,123566
91,05-10-2016 11:05,14-11-2016 15:03,225000,Central,Michigan,Detroit,Dealer,First Owner,123567
92,05-10-2016 11:08,13-10-2016 07:45,455000,South,North Carolina,Charlotte,Dealer,First Owner,123568
93,05-10-2016 11:23,,351000,South,North Carolina,Charlotte,Dealer,Second Owner,123569
94,05-10-2016 11:44,28-10-2016 12:23,535000,East,Pennsylvania,Philadelphia,Dealer,Second Owner,123570
95,05-10-2016 11:54,,175000,East,Pennsylvania,Philadelphia,Dealer,First Owner,123571
96,05-10-2016 12:32,13-10-2016 16:03,525000,East,Pennsylvania,Philadelphia,Dealer,First Owner,123572
97,05-10-2016 12:34,04-11-2016 14:31,600000,East,Massachusetts,Boston,Individual,First Owner,123573
98,05-10-2016 12:41,26-10-2016 13:31,565000,South,Georgia,Atlanta,Dealer,First Owner,123574
99,05-10-2016 12:44,17-11-2016 19:53,120000,West,California,Los Angeles,Dealer,Third Owner,123575
100,05-10-2016 13:12,27-10-2016 12:33,725000,West,California,Los Angeles,Individual,First Owner,123576
101,05-10-2016 13:22,,185000,East,District of Columbia,Washington,Dealer,Second Owner,123577
102,05-10-2016 14:16,,200000,East,District of Columbia,Washington,Individual,Second Owner,123578
103,05-10-2016 14:36,,615000,East,District of Columbia,Washington,Individual,First Owner,123579
104,05-10-2016 14:40,24-10-2016 16:20,270000,East,Pennsylvania,Philadelphia,Individual,Third Owner,123580
105,05-10-2016 14:49,18-10-2016 19:17,610000,East,Pennsylvania,Philadelphia,Individual,First Owner,123581
106,05-10-2016 15:08,13-10-2016 15:44,625000,East,Pennsylvania,Philadelphia,Individual,Second Owner,123582
107,05-10-2016 15:17,25-10-2016 20:28,400000,Central,Texas,Houston,Individual,Second Owner,123583
108,05-10-2016 16:57,,866000,East,New York,New York City,Individual,First Owner,123584
109,05-10-2016 17:09,07-11-2016 13:55,700000,West,California,Los Angeles,Individual,First Owner,123585
110,05-10-2016 17:11,31-10-2016 21:41,300000,Central,Illinois,Chicago,Individual,First Owner,123586
111,05-10-2016 17:14,24-10-2016 16:33,1700000,East,New York,New York City,Individual,First Owner,123587
112,05-10-2016 17:16,01-11-2016 18:18,375000,East,New York,New York City,Individual,First Owner,123588
113,05-10-2016 17:21,,522000,East,New York,New York City,Individual,Second Owner,123589
114,05-10-2016 18:06,,451999,East,New York,New York City,Individual,First Owner,123590
115,05-10-2016 19:09,18-10-2016 20:37,300000,East,New York,New York City,Individual,Second Owner,123591
116,05-10-2016 20:09,24-10-2016 18:11,475000,East,New York,New York City,Individual,First Owner,123592
117,05-10-2016 20:20,20-10-2016 18:14,780000,West,California,Los Angeles,Individual,First Owner,123593
118,05-10-2016 20:20,26-11-2016 08:16,595000,West,California,Los Angeles,Individual,First Owner,123594
119,05-10-2016 20:36,16-10-2016 17:51,440000,West,California,Los Angeles,Individual,First Owner,123595
121,05-10-2016 21:03,,400000,East,District of Columbia,Washington,Individual,Third Owner,123597
122,05-10-2016 21:10,31-10-2016 13:27,1140000,East,Pennsylvania,Philadelphia,Individual,First Owner,123598
123,05-10-2016 22:24,17-10-2016 19:31,850000,East,New York,New York City,Individual,First Owner,123599
124,05-10-2016 22:39,13-10-2016 16:03,370000,South,North Carolina,Charlotte,Individual,Fourth & Above Owner,123600
125,05-10-2016 22:44,,350000,East,Massachusetts,Boston,Individual,First Owner,123601
126,05-10-2016 22:49,,360000,East,Massachusetts,Boston,Individual,Second Owner,123602
127,05-10-2016 22:53,18-10-2016 20:14,105000,East,Massachusetts,Boston,Individual,Fourth & Above Owner,123603
128,05-10-2016 23:14,19-10-2016 20:57,625000,West,California,San Francisco,Individual,Second Owner,123604
129,06-10-2016 00:06,31-10-2016 09:45,135000,West,Washington,Seattle,Individual,Second Owner,123605
130,06-10-2016 00:12,,700000,East,District of Columbia,Washington,Individual,Second Owner,123606
131,06-10-2016 02:53,27-10-2016 14:02,690000,East,District of Columbia,Washington,Dealer,First Owner,123607
132,06-10-2016 07:08,31-10-2016 11:27,3975000,West,Washington,Seattle,Dealer,First Owner,123608
133,06-10-2016 07:53,28-10-2016 10:24,5150000,West,Washington,Seattle,Dealer,First Owner,123609
134,06-10-2016 08:28,15-12-2016 13:35,3200000,East,New York,New York City,Dealer,First Owner,123610
135,06-10-2016 08:58,08-11-2016 13:08,4100000,West,California,Los Angeles,Individual,First Owner,123611
136,06-10-2016 09:07,31-10-2016 21:42,4500000,West,California,Los Angeles,Dealer,First Owner,123612
137,06-10-2016 09:22,13-10-2016 16:03,6000000,West,California,Los Angeles,Dealer,First Owner,123613
138,06-10-2016 09:59,27-10-2016 17:55,3790000,West,California,Los Angeles,Dealer,First Owner,123614
140,06-10-2016 10:12,27-10-2016 11:43,5800000,East,New York,New York City,Dealer,First Owner,123616
141,06-10-2016 10:13,07-11-2016 13:14,1864999,West,California,San Diego,Dealer,First Owner,123617
142,06-10-2016 10:47,07-11-2016 11:18,2700000,West,California,San Diego,Dealer,First Owner,123618
143,06-10-2016 11:05,27-10-2016 08:14,1750000,West,California,San Diego,Dealer,First Owner,123619
144,06-10-2016 11:32,01-11-2016 15:04,795000,West,Washington,Seattle,Dealer,First Owner,123620
145,06-10-2016 12:21,24-10-2016 20:55,625000,East,District of Columbia,Washington,Dealer,First Owner,123621
146,06-10-2016 12:22,27-10-2016 05:38,3400000,East,District of Columbia,Washington,Dealer,First Owner,123622
147,06-10-2016 12:23,,2650000,West,California,Los Angeles,Dealer,First Owner,123623
148,06-10-2016 12:51,18-10-2016 13:24,535000,West,California,Los Angeles,Dealer,First Owner,123624
149,06-10-2016 13:02,24-10-2016 18:13,5850000,West,California,Los Angeles,Dealer,First Owner,123625
150,06-10-2016 13:07,,975000,East,District of Columbia,Washington,Dealer,Second Owner,123626
151,06-10-2016 13:16,17-10-2016 19:08,805000,East,District of Columbia,Washington,Dealer,First Owner,123627
152,06-10-2016 13:21,,2625000,East,New York,New York City,Dealer,First Owner,123628
153,06-10-2016 13:24,,811000,East,New York,New York City,Dealer,First Owner,123629
154,06-10-2016 13:38,,375000,East,District of Columbia,Washington,Individual,First Owner,123630
155,06-10-2016 13:39,16-11-2016 10:54,550000,East,New York,New York City,Individual,First Owner,123631
156,06-10-2016 14:36,,645000,East,Massachusetts,Boston,Dealer,First Owner,123632
157,06-10-2016 14:59,17-11-2016 16:23,2550000,Central,Illinois,Chicago,Dealer,First Owner,123633
158,06-10-2016 15:14,27-10-2016 12:27,599000,Central,Texas,Houston,Dealer,First Owner,123634
159,06-10-2016 15:19,07-11-2016 16:26,2700000,East,Massachusetts,Boston,Dealer,First Owner,123635
160,06-10-2016 16:13,13-10-2016 16:51,875000,East,Massachusetts,Boston,Dealer,First Owner,123636
161,06-10-2016 16:17,10-11-2016 15:14,894999,East,Massachusetts,Boston,Dealer,First Owner,123637
162,06-10-2016 16:34,,175000,South,North Carolina,Charlotte,Dealer,First Owner,123638
163,06-10-2016 16:43,14-10-2016 15:59,340000,West,Washington,Seattle,Dealer,First Owner,123639
164,06-10-2016 17:10,17-10-2016 19:29,1525000,West,Washington,Seattle,Dealer,Second Owner,123640
165,06-10-2016 17:42,31-10-2016 11:38,1025000,East,New York,New York City,Dealer,First Owner,123641
166,06-10-2016 17:45,14-10-2016 08:29,2150000,South,Florida,Miami,Dealer,First Owner,123642
167,06-10-2016 18:03,15-10-2016 18:32,1900000,East,New York,New York City,Dealer,First Owner,123643
168,06-10-2016 18:11,26-10-2016 12:21,2900000,East,District of Columbia,Washington,Dealer,First Owner,123644
169,06-10-2016 18:50,13-10-2016 19:31,450000,East,New York,New York City,Dealer,First Owner,123645
170,06-10-2016 19:33,24-10-2016 16:21,850000,West,California,Los Angeles,Individual,First Owner,123646
171,06-10-2016 19:38,18-10-2016 18:34,10000000,East,New York,New York City,Individual,First Owner,123647
172,06-10-2016 20:05,14-10-2016 10:16,300000,South,North Carolina,Charlotte,Individual,Second Owner,123648
173,06-10-2016 20:06,15-10-2016 11:00,575000,Central,Texas,Houston,Individual,First Owner,123649
174,06-10-2016 20:15,24-10-2016 16:17,160000,Central,Texas,Houston,Individual,First Owner,123650
175,06-10-2016 20:43,,515000,Central,Texas,Houston,Individual,First Owner,123651
176,06-10-2016 22:00,27-10-2016 13:36,390000,East,District of Columbia,Washington,Individual,Second Owner,123652
177,06-10-2016 22:23,20-10-2016 23:58,550000,West,Washington,Seattle,Individual,Second Owner,123653
178,06-10-2016 22:34,18-10-2016 20:23,40000,East,District of Columbia,Washington,Individual,Second Owner,123654
179,06-10-2016 23:21,24-10-2016 16:25,220000,East,District of Columbia,Washington,Individual,First Owner,123655
180,06-10-2016 23:49,,425000,East,New York,New York City,Individual,First Owner,123656
181,07-10-2016 00:54,27-10-2016 17:32,480000,East,New York,New York City,Individual,First Owner,123657
182,07-10-2016 02:41,03-11-2016 09:13,400000,Central,Texas,Dallas,Individual,Second Owner,123658
183,07-10-2016 08:28,14-10-2016 09:09,487000,South,Florida,Miami,Individual,First Owner,123659
184,07-10-2016 08:28,15-10-2016 04:17,386000,East,Pennsylvania,Philadelphia,Individual,Second Owner,123660
185,07-10-2016 08:49,,100000,East,Pennsylvania,Philadelphia,Individual,Second Owner,123661
186,07-10-2016 09:33,18-10-2016 06:02,300000,West,California,Los Angeles,Individual,First Owner,123662
187,07-10-2016 09:41,07-11-2016 08:45,100000,East,Massachusetts,Boston,Individual,First Owner,123663
188,07-10-2016 10:05,20-10-2016 18:03,1750000,East,Massachusetts,Boston,Individual,Second Owner,123664
189,07-10-2016 10:06,01-11-2016 16:37,450000,West,California,Los Angeles,Individual,Second Owner,123665
190,07-10-2016 10:11,18-10-2016 17:21,490000,West,California,Los Angeles,Individual,First Owner,123666
191,07-10-2016 10:18,09-11-2016 11:51,345000,West,California,Los Angeles,Individual,Second Owner,123667
192,07-10-2016 10:28,20-10-2016 20:33,85000,South,Georgia,Atlanta,Individual,First Owner,123668
193,07-10-2016 10:44,31-10-2016 12:13,215000,West,Washington,Seattle,Individual,Second Owner,123669
194,07-10-2016 10:45,14-10-2016 12:13,320000,Central,Illinois,Chicago,Individual,Third Owner,123670
195,07-10-2016 10:46,,459999,South,Georgia,Atlanta,Individual,Second Owner,123671
196,07-10-2016 10:52,27-10-2016 09:37,65000,South,Georgia,Atlanta,Individual,First Owner,123672
197,07-10-2016 10:57,27-10-2016 12:41,720000,South,Georgia,Atlanta,Individual,First Owner,123673
198,07-10-2016 11:20,14-10-2016 12:14,800000,West,California,Los Angeles,Individual,First Owner,123674
199,07-10-2016 11:33,14-10-2016 12:15,520000,East,Pennsylvania,Philadelphia,Individual,First Owner,123675
200,07-10-2016 11:37,15-10-2016 03:51,580000,West,California,San Francisco,Individual,First Owner,123676
202,07-10-2016 12:06,19-10-2016 18:51,600000,West,California,Los Angeles,Individual,First Owner,123678
203,07-10-2016 12:21,,290000,West,California,Los Angeles,Individual,Second Owner,123679
204,07-10-2016 14:15,19-10-2016 00:47,360000,Central,Illinois,Chicago,Individual,First Owner,123680
205,07-10-2016 14:40,18-10-2016 01:37,550000,Central,Illinois,Chicago,Individual,First Owner,123681
206,07-10-2016 14:42,18-10-2016 05:56,375000,East,Massachusetts,Boston,Individual,First Owner,123682
208,07-10-2016 14:42,31-10-2016 10:44,420000,Central,Texas,Houston,Individual,First Owner,123684
209,07-10-2016 14:52,14-10-2016 15:07,550000,Central,Texas,Houston,Individual,First Owner,123685
210,07-10-2016 15:12,14-10-2016 15:59,270000,East,Massachusetts,Boston,Individual,First Owner,123686
211,07-10-2016 15:53,,700000,Central,Illinois,Chicago,Individual,First Owner,123687
212,07-10-2016 16:50,27-10-2016 10:07,500000,Central,Illinois,Chicago,Individual,First Owner,123688
213,07-10-2016 16:56,26-10-2016 15:27,1250000,Central,Texas,Dallas,Individual,First Owner,123689
214,07-10-2016 17:09,20-10-2016 19:07,320000,South,Georgia,Atlanta,Individual,Second Owner,123690
215,07-10-2016 17:13,24-10-2016 16:34,700000,Central,Illinois,Chicago,Individual,First Owner,123691
216,07-10-2016 17:37,30-10-2016 01:25,290000,West,Washington,Seattle,Individual,First Owner,123692
217,07-10-2016 18:16,,550000,Central,Michigan,Detroit,Individual,First Owner,123693
218,07-10-2016 19:02,14-10-2016 19:29,265000,East,Massachusetts,Boston,Individual,First Owner,123694
219,07-10-2016 19:16,14-10-2016 19:28,830000,East,Massachusetts,Boston,Individual,First Owner,123695
220,07-10-2016 19:17,,800000,South,Georgia,Atlanta,Individual,First Owner,123696
221,07-10-2016 21:19,20-10-2016 00:47,160000,East,New York,New York City,Individual,Second Owner,123697
222,07-10-2016 21:30,16-11-2016 23:47,335000,South,Georgia,Atlanta,Individual,First Owner,123698
223,07-10-2016 21:50,14-10-2016 22:15,329000,South,Georgia,Atlanta,Individual,Second Owner,123699
224,07-10-2016 22:35,25-10-2016 21:15,775000,East,Pennsylvania,Philadelphia,Individual,First Owner,123700
225,07-10-2016 22:45,,524000,South,Georgia,Atlanta,Individual,First Owner,123701
226,07-10-2016 22:46,28-10-2016 12:11,245000,East,Massachusetts,Boston,Individual,First Owner,123702
227,07-10-2016 22:51,28-10-2016 13:51,275000,West,Washington,Seattle,Individual,Second Owner,123703
228,07-10-2016 23:18,26-10-2016 14:47,520000,West,Washington,Seattle,Individual,First Owner,123704
230,08-10-2016 01:28,17-10-2016 18:39,550000,Central,Michigan,Detroit,Individual,First Owner,123706
231,08-10-2016 02:18,17-10-2016 12:03,910000,Central,Michigan,Detroit,Individual,First Owner,123707
232,08-10-2016 04:01,20-10-2016 21:12,300000,Central,Michigan,Detroit,Individual,First Owner,123708
233,08-10-2016 07:02,,350000,East,Massachusetts,Boston,Individual,First Owner,123709
234,08-10-2016 08:05,09-11-2016 13:41,900000,East,Massachusetts,Boston,Individual,First Owner,123710
235,08-10-2016 08:25,26-10-2016 12:05,300000,Central,Illinois,Chicago,Individual,Second Owner,123711
236,08-10-2016 09:50,25-10-2016 15:18,250000,Central,Illinois,Chicago,Individual,Second Owner,123712
237,08-10-2016 09:55,27-10-2016 23:51,1100000,Central,Michigan,Detroit,Individual,First Owner,123713
238,08-10-2016 10:07,04-11-2016 14:32,270000,East,District of Columbia,Washington,Individual,First Owner,123714
239,08-10-2016 10:26,28-10-2016 14:11,640000,East,District of Columbia,Washington,Individual,First Owner,123715
240,08-10-2016 10:31,18-11-2016 16:05,650000,Central,Illinois,Chicago,Individual,First Owner,123716
241,08-10-2016 10:55,27-10-2016 10:58,409999,East,District of Columbia,Washington,Individual,First Owner,123717
242,08-10-2016 11:33,15-10-2016 13:19,165000,East,District of Columbia,Washington,Individual,First Owner,123718
243,08-10-2016 11:47,,80000,East,Pennsylvania,Philadelphia,Individual,Second Owner,123719
244,08-10-2016 11:50,15-10-2016 13:22,535000,East,Pennsylvania,Philadelphia,Individual,First Owner,123720
245,08-10-2016 12:13,,700000,West,California,Los Angeles,Individual,First Owner,123721
246,08-10-2016 12:44,,550000,East,New York,New York City,Individual,First Owner,123722
247,08-10-2016 13:54,15-10-2016 16:34,680000,West,California,Los Angeles,Individual,First Owner,123723
248,08-10-2016 14:31,24-10-2016 05:05,200000,West,California,Los Angeles,Individual,Second Owner,123724
249,08-10-2016 14:48,15-10-2016 18:34,500000,Central,Texas,Dallas,Individual,Second Owner,123725
250,08-10-2016 15:02,31-10-2016 11:35,1000000,Central,Texas,Dallas,Individual,First Owner,123726
251,08-10-2016 15:36,25-10-2016 17:51,110000,West,California,San Diego,Individual,Second Owner,123727
252,08-10-2016 15:42,15-10-2016 18:54,320000,West,California,San Diego,Individual,Second Owner,123728
254,08-10-2016 15:47,15-10-2016 01:01,350000,East,New York,New York City,Individual,First Owner,123730
255,08-10-2016 16:02,15-10-2016 20:38,170000,West,California,Los Angeles,Individual,First Owner,123731
256,08-10-2016 17:43,20-10-2016 22:09,800000,East,Massachusetts,Boston,Individual,First Owner,123732
257,08-10-2016 17:43,26-10-2016 12:58,500000,East,Massachusetts,Boston,Individual,First Owner,123733
258,08-10-2016 18:39,15-10-2016 11:02,1380000,South,Florida,Miami,Individual,First Owner,123734
259,08-10-2016 18:45,16-10-2016 14:57,1300000,South,Florida,Miami,Individual,First Owner,123735
260,08-10-2016 20:02,19-10-2016 17:31,530000,West,California,Los Angeles,Individual,First Owner,123736
261,08-10-2016 20:16,16-10-2016 15:55,360000,West,California,Los Angeles,Individual,First Owner,123737
262,08-10-2016 20:17,19-10-2016 18:47,310000,West,California,Los Angeles,Individual,First Owner,123738
263,08-10-2016 20:28,16-10-2016 15:35,725000,West,Washington,Seattle,Individual,Second Owner,123739
264,08-10-2016 21:04,26-10-2016 14:33,340000,Central,Michigan,Detroit,Individual,First Owner,123740
265,08-10-2016 21:12,28-10-2016 16:31,550000,West,California,San Francisco,Individual,Second Owner,123741
266,08-10-2016 21:37,15-10-2016 22:02,1150000,West,California,San Francisco,Individual,Second Owner,123742
267,08-10-2016 21:58,08-11-2016 14:24,380000,West,California,San Francisco,Individual,First Owner,123743
268,08-10-2016 22:06,,350000,Central,Texas,Houston,Individual,Second Owner,123744
269,08-10-2016 22:11,15-10-2016 15:09,610000,Central,Texas,Houston,Individual,First Owner,123745
270,08-10-2016 22:34,15-10-2016 05:02,525000,West,California,San Diego,Individual,First Owner,123746
271,08-10-2016 22:41,26-10-2016 15:55,480000,West,California,San Diego,Individual,First Owner,123747
272,08-10-2016 23:46,16-10-2016 16:57,780000,East,Pennsylvania,Philadelphia,Individual,First Owner,123748
273,09-10-2016 00:56,16-10-2016 14:36,320000,Central,Michigan,Detroit,Individual,First Owner,123749
274,09-10-2016 10:34,,375000,Central,Michigan,Detroit,Individual,First Owner,123750
275,09-10-2016 11:23,,300000,West,California,Los Angeles,Individual,First Owner,123751
276,09-10-2016 11:33,21-10-2016 21:17,500000,West,California,San Diego,Individual,Fourth & Above Owner,123752
277,09-10-2016 11:43,28-10-2016 06:07,404000,West,California,San Diego,Individual,First Owner,123753
278,09-10-2016 12:13,28-10-2016 14:11,500000,South,North Carolina,Charlotte,Individual,First Owner,123754
279,09-10-2016 12:34,,350000,East,Massachusetts,Boston,Individual,First Owner,123755
280,09-10-2016 12:43,,380000,West,California,San Diego,Individual,First Owner,123756
281,09-10-2016 12:46,17-10-2016 02:55,114999,West,Washington,Seattle,Individual,Third Owner,123757
282,09-10-2016 13:31,19-10-2016 19:05,335000,East,District of Columbia,Washington,Dealer,First Owner,123758
283,09-10-2016 13:57,27-10-2016 12:54,465000,East,District of Columbia,Washington,Dealer,First Owner,123759
284,09-10-2016 15:10,10-11-2016 09:27,290000,South,North Carolina,Charlotte,Individual,First Owner,123760
285,09-10-2016 15:39,09-11-2016 14:53,110000,South,North Carolina,Charlotte,Individual,Second Owner,123761
286,09-10-2016 22:31,31-10-2016 15:32,450000,West,California,Los Angeles,Individual,Third Owner,123762
287,09-10-2016 22:34,18-10-2016 18:04,400000,West,California,Los Angeles,Individual,Second Owner,123763
288,09-10-2016 22:36,17-10-2016 13:02,210000,East,District of Columbia,Washington,Individual,Second Owner,123764
289,09-10-2016 22:36,17-10-2016 12:03,4600000,Central,Texas,Houston,Individual,First Owner,123765
290,09-10-2016 22:36,15-10-2016 05:02,220000,South,Florida,Miami,Individual,First Owner,123766
291,09-10-2016 22:38,27-10-2016 17:32,450000,West,Washington,Seattle,Individual,First Owner,123767
292,09-10-2016 22:38,17-10-2016 13:02,450000,Central,Illinois,Chicago,Individual,First Owner,123768
293,09-10-2016 22:42,01-11-2016 18:04,290000,East,New York,New York City,Individual,First Owner,123769
294,09-10-2016 22:44,17-10-2016 12:03,520000,East,New York,New York City,Individual,First Owner,123770
295,09-10-2016 23:25,14-10-2016 11:03,265000,East,New York,New York City,Individual,First Owner,123771
296,09-10-2016 23:38,29-10-2016 06:53,330000,South,Georgia,Atlanta,Individual,Second Owner,123772
297,09-10-2016 23:50,31-10-2016 11:54,330000,West,California,Los Angeles,Individual,Second Owner,123773
298,09-10-2016 23:55,19-10-2016 11:47,509999,East,Massachusetts,Boston,Individual,First Owner,123774
299,10-10-2016 00:01,16-11-2016 17:17,500000,East,Massachusetts,Boston,Individual,First Owner,123775
300,10-10-2016 02:17,16-11-2016 14:13,525000,West,California,Los Angeles,Individual,First Owner,123776
301,10-10-2016 04:31,20-10-2016 08:08,675000,South,Georgia,Atlanta,Individual,First Owner,123777
302,10-10-2016 04:49,18-10-2016 06:03,300000,East,New York,New York City,Individual,First Owner,123778
303,10-10-2016 07:03,10-11-2016 10:59,90000,East,New York,New York City,Individual,Second Owner,123779
304,10-10-2016 07:53,17-10-2016 12:03,650000,West,California,Los Angeles,Individual,First Owner,123780
305,10-10-2016 08:36,15-10-2016 13:42,409000,West,California,Los Angeles,Individual,Second Owner,123781
306,10-10-2016 09:23,17-10-2016 13:02,395000,South,Florida,Miami,Individual,Second Owner,123782
308,10-10-2016 09:51,,400000,East,Pennsylvania,Philadelphia,Individual,Second Owner,123784
309,10-10-2016 09:57,,120000,West,California,San Diego,Individual,Third Owner,123785
310,10-10-2016 09:59,,645000,West,Washington,Seattle,Individual,First Owner,123786
311,10-10-2016 10:20,18-10-2016 09:57,81000,East,Massachusetts,Boston,Individual,First Owner,123787
312,10-10-2016 10:22,01-11-2016 10:28,1300000,East,Massachusetts,Boston,Individual,First Owner,123788
313,10-10-2016 10:28,27-10-2016 17:32,1250000,West,Washington,Seattle,Individual,First Owner,123789
314,10-10-2016 10:49,,535000,West,California,Los Angeles,Individual,Third Owner,123790
315,10-10-2016 11:08,21-10-2016 16:25,555000,West,California,Los Angeles,Individual,Second Owner,123791
316,10-10-2016 11:17,24-11-2016 15:44,725000,West,Washington,Seattle,Individual,First Owner,123792
318,10-10-2016 11:22,24-10-2016 16:35,229999,East,District of Columbia,Washington,Individual,First Owner,123794
319,10-10-2016 11:39,24-11-2016 14:55,800000,East,District of Columbia,Washington,Individual,Second Owner,123795
320,10-10-2016 12:39,17-10-2016 14:01,409999,Central,Illinois,Chicago,Individual,First Owner,123796
321,10-10-2016 12:54,28-10-2016 10:27,1210000,West,Washington,Seattle,Individual,First Owner,123797
322,10-10-2016 12:54,18-10-2016 17:13,400000,West,Washington,Seattle,Individual,First Owner,123798
323,10-10-2016 13:57,17-10-2016 15:42,520000,West,Washington,Seattle,Individual,First Owner,123799
324,10-10-2016 14:02,19-10-2016 04:01,650000,West,Washington,Seattle,Individual,First Owner,123800
325,10-10-2016 14:20,27-10-2016 12:38,325000,East,New York,New York City,Individual,Third Owner,123801
326,10-10-2016 15:01,14-12-2016 08:03,420000,East,New York,New York City,Individual,First Owner,123802
327,10-10-2016 15:20,07-11-2016 14:51,400000,East,New York,New York City,Individual,First Owner,123803
328,10-10-2016 15:23,24-10-2016 18:02,254999,Central,Illinois,Chicago,Individual,Fourth & Above Owner,123804
329,10-10-2016 15:37,25-10-2016 20:11,65000,Central,Illinois,Chicago,Individual,Fourth & Above Owner,123805
330,10-10-2016 15:49,28-10-2016 14:43,351000,West,California,San Diego,Individual,First Owner,123806
331,10-10-2016 15:50,26-10-2016 16:35,404000,West,California,San Diego,Individual,Third Owner,123807
332,10-10-2016 16:00,17-10-2016 17:43,185000,West,California,San Diego,Individual,Third Owner,123808
333,10-10-2016 16:00,17-10-2016 17:43,250000,West,California,San Diego,Individual,First Owner,123809
334,10-10-2016 16:39,19-10-2016 04:01,60000,West,California,San Diego,Individual,Fourth & Above Owner,123810
335,10-10-2016 16:55,28-11-2016 15:38,500000,West,California,Los Angeles,Individual,Second Owner,123811
336,10-10-2016 17:16,,85000,Central,Texas,Dallas,Individual,Second Owner,123812
338,10-10-2016 17:49,01-11-2016 14:14,85000,Central,Texas,Dallas,Individual,Fourth & Above Owner,123814
339,10-10-2016 18:05,21-10-2016 10:31,265000,East,New York,New York City,Individual,Fourth & Above Owner,123815
340,10-10-2016 18:09,31-10-2016 14:57,130000,East,New York,New York City,Individual,Second Owner,123816
341,22-10-2016 08:25,,480000,Central,Illinois,Chicago,Individual,Third Owner,123817
342,23-12-2016 23:16,28-12-2016 15:54,170000,South,Florida,Miami,Individual,Third Owner,123818
343,05-01-2017 11:56,11-01-2017 13:14,275000,West,Washington,Seattle,Individual,First Owner,123819
344,05-01-2017 12:01,17-01-2017 15:38,89000,West,Washington,Seattle,Individual,Second Owner,123820
345,05-01-2017 12:06,16-01-2017 16:05,170000,West,California,Los Angeles,Individual,Second Owner,123821
346,05-01-2017 12:09,16-01-2017 15:43,1090000,West,California,Los Angeles,Dealer,First Owner,123822
347,05-01-2017 12:11,17-01-2017 16:06,1100000,East,District of Columbia,Washington,Individual,First Owner,123823
348,05-01-2017 12:14,16-01-2017 16:13,610000,East,District of Columbia,Washington,Dealer,First Owner,123824
349,05-01-2017 13:01,16-01-2017 15:43,335000,South,North Carolina,Charlotte,Dealer,First Owner,123825
350,05-01-2017 13:29,16-01-2017 16:05,434999,West,California,Los Angeles,Dealer,First Owner,123826
351,05-01-2017 13:31,16-01-2017 16:05,3000000,East,New York,New York City,Individual,First Owner,123827
352,05-01-2017 13:33,17-01-2017 16:51,390000,East,New York,New York City,Dealer,First Owner,123828
353,05-01-2017 13:34,17-01-2017 15:52,325000,East,New York,New York City,Dealer,First Owner,123829
354,05-01-2017 13:36,16-01-2017 17:27,640000,South,Georgia,Atlanta,Dealer,First Owner,123830
355,05-01-2017 13:36,16-01-2017 15:53,450000,West,California,Los Angeles,Dealer,First Owner,123831
356,05-01-2017 13:37,16-01-2017 14:25,400000,South,North Carolina,Charlotte,Dealer,Second Owner,123832
357,05-01-2017 13:43,16-01-2017 16:54,215000,East,New York,New York City,Dealer,First Owner,123833
358,05-01-2017 13:48,17-01-2017 16:57,570000,East,District of Columbia,Washington,Dealer,First Owner,123834
359,05-01-2017 13:52,16-01-2017 14:04,680000,Central,Texas,Dallas,Dealer,First Owner,123835
360,05-01-2017 13:59,17-01-2017 17:52,325000,East,Pennsylvania,Philadelphia,Individual,Fourth & Above Owner,123836
361,05-01-2017 14:18,17-01-2017 16:47,150000,East,Pennsylvania,Philadelphia,Individual,Second Owner,123837
362,05-01-2017 14:22,16-01-2017 16:32,690000,East,Pennsylvania,Philadelphia,Dealer,First Owner,123838
363,05-01-2017 14:23,17-01-2017 15:14,1550000,West,Washington,Seattle,Individual,First Owner,123839
364,05-01-2017 14:33,16-01-2017 16:44,64000,Central,Illinois,Chicago,Dealer,First Owner,123840
365,05-01-2017 14:36,16-01-2017 09:13,250000,West,California,Los Angeles,Individual,First Owner,123841
366,05-01-2017 14:42,16-01-2017 18:15,65000,West,California,Los Angeles,Individual,First Owner,123842
367,05-01-2017 14:50,16-01-2017 15:24,550000,West,California,Los Angeles,Individual,Second Owner,123843
368,05-01-2017 15:25,17-01-2017 16:09,140000,East,New York,New York City,Individual,Fourth & Above Owner,123844
369,05-01-2017 15:25,16-01-2017 15:18,300000,West,California,Los Angeles,Individual,First Owner,123845
370,05-01-2017 15:32,12-01-2017 14:13,800000,West,California,Los Angeles,Individual,First Owner,123846
371,05-01-2017 15:37,16-01-2017 15:18,2625000,West,California,Los Angeles,Dealer,First Owner,123847
372,05-01-2017 16:05,16-01-2017 15:43,5150000,East,New York,New York City,Dealer,First Owner,123848
373,05-01-2017 19:52,13-01-2017 12:27,3200000,West,California,Los Angeles,Dealer,First Owner,123849
374,05-01-2017 22:52,13-01-2017 17:06,503000,Central,Michigan,Detroit,Individual,First Owner,123850
375,06-01-2017 13:43,13-01-2017 10:58,3800000,Central,Michigan,Detroit,Individual,First Owner,123851
376,06-01-2017 21:27,13-01-2017 13:57,2000000,West,Washington,Seattle,Trustmark Dealer,First Owner,123852
377,06-01-2017 21:30,12-01-2017 09:43,225000,West,California,San Francisco,Trustmark Dealer,First Owner,123853
378,06-01-2017 23:31,17-01-2017 17:27,740000,West,California,Los Angeles,Dealer,First Owner,123854
379,07-01-2017 00:34,06-03-2017 13:15,550000,East,New York,New York City,Trustmark Dealer,First Owner,123855
380,07-01-2017 13:29,18-01-2017 12:28,750000,South,North Carolina,Charlotte,Trustmark Dealer,Second Owner,123856
381,07-01-2017 17:20,25-01-2017 10:14,650000,South,Florida,Miami,Trustmark Dealer,First Owner,123857
382,07-01-2017 20:45,17-01-2017 11:38,625000,South,Florida,Miami,Trustmark Dealer,First Owner,123858
383,08-01-2017 09:35,12-01-2017 09:22,600000,West,California,Los Angeles,Dealer,First Owner,123859
384,08-01-2017 09:35,17-01-2017 13:22,450000,West,California,Los Angeles,Dealer,First Owner,123860
385,08-01-2017 19:27,,5400000,South,Florida,Miami,Dealer,First Owner,123861
386,08-01-2017 19:27,,5500000,South,Florida,Miami,Dealer,First Owner,123862
387,08-01-2017 20:25,17-01-2017 10:52,779000,West,California,Los Angeles,Trustmark Dealer,First Owner,123863
388,08-01-2017 20:57,19-01-2017 14:06,645000,Central,Michigan,Detroit,Dealer,First Owner,123864
389,09-01-2017 00:37,24-02-2017 09:42,2475000,Central,Michigan,Detroit,Dealer,First Owner,123865
390,09-01-2017 14:04,16-01-2017 17:01,150000,Central,Michigan,Detroit,Individual,Third Owner,123866
392,09-01-2017 17:50,13-01-2017 08:53,500000,West,Washington,Seattle,Individual,Second Owner,123868
393,09-01-2017 21:31,18-01-2017 17:05,480000,East,New York,New York City,Individual,First Owner,123869
394,09-01-2017 21:40,02-03-2017 10:57,535000,East,New York,New York City,Individual,Third Owner,123870
395,10-01-2017 13:58,20-01-2017 16:11,250000,West,Washington,Seattle,Individual,Third Owner,123871
396,10-01-2017 14:08,27-01-2017 07:27,300000,West,Washington,Seattle,Individual,Second Owner,123872
397,10-01-2017 16:31,20-01-2017 15:44,340000,Central,Texas,Dallas,Individual,Second Owner,123873
398,10-01-2017 17:18,26-01-2017 13:41,340000,West,California,Los Angeles,Individual,Second Owner,123874
399,10-01-2017 19:43,20-01-2017 16:35,240000,Central,Illinois,Chicago,Individual,First Owner,123875
400,10-01-2017 22:23,23-01-2017 10:12,1085000,East,Pennsylvania,Philadelphia,Individual,First Owner,123876
401,11-01-2017 00:13,17-01-2017 13:03,750000,West,California,Los Angeles,Individual,First Owner,123877
402,11-01-2017 10:24,18-01-2017 11:56,95000,East,New York,New York City,Individual,Second Owner,123878
403,11-01-2017 11:21,16-01-2017 13:18,409999,Central,Michigan,Detroit,Individual,First Owner,123879
404,11-01-2017 11:34,16-01-2017 13:22,215000,Central,Michigan,Detroit,Individual,Second Owner,123880
405,11-01-2017 12:49,18-01-2017 10:37,1290000,South,North Carolina,Charlotte,Individual,First Owner,123881
406,11-01-2017 15:18,,150000,South,North Carolina,Charlotte,Individual,First Owner,123882
407,11-01-2017 15:56,24-01-2017 14:14,219000,East,New York,New York City,Individual,Second Owner,123883
408,11-01-2017 18:32,,325000,East,New York,New York City,Individual,First Owner,123884
409,11-01-2017 19:21,20-01-2017 21:11,260000,South,Florida,Miami,Individual,Second Owner,123885
410,11-01-2017 20:12,19-01-2017 16:32,2625000,West,California,San Francisco,Dealer,First Owner,123886
411,11-01-2017 22:36,19-01-2017 16:41,5150000,South,Georgia,Atlanta,Dealer,First Owner,123887
412,11-01-2017 23:32,17-01-2017 10:28,3200000,East,New York,New York City,Dealer,First Owner,123888
413,12-01-2017 00:06,19-01-2017 10:53,503000,East,New York,New York City,Individual,First Owner,123889
414,12-01-2017 09:45,18-01-2017 12:51,3800000,West,California,Los Angeles,Individual,First Owner,123890
415,12-01-2017 12:01,26-04-2017 09:35,2000000,Central,Michigan,Detroit,Trustmark Dealer,First Owner,123891
416,12-01-2017 12:46,08-02-2017 08:43,225000,Central,Michigan,Detroit,Trustmark Dealer,First Owner,123892
417,12-01-2017 13:11,26-01-2017 14:03,740000,East,New York,New York City,Dealer,First Owner,123893
418,12-01-2017 15:05,,550000,South,Florida,Miami,Trustmark Dealer,First Owner,123894
419,12-01-2017 15:58,24-01-2017 13:09,750000,South,Florida,Miami,Trustmark Dealer,Second Owner,123895
420,12-01-2017 18:30,24-02-2017 16:45,650000,South,Florida,Miami,Trustmark Dealer,First Owner,123896
421,12-01-2017 20:06,20-01-2017 10:57,625000,East,New York,New York City,Trustmark Dealer,First Owner,123897
422,12-01-2017 20:28,14-02-2017 15:07,600000,East,New York,New York City,Dealer,First Owner,123898
423,12-01-2017 22:24,19-01-2017 10:42,450000,Central,Michigan,Detroit,Dealer,First Owner,123899
424,12-01-2017 23:11,31-01-2017 13:42,5400000,East,Massachusetts,Boston,Dealer,First Owner,123900
425,12-01-2017 23:42,26-01-2017 13:11,5500000,West,California,Los Angeles,Dealer,First Owner,123901
426,13-01-2017 00:14,18-01-2017 14:05,779000,West,California,Los Angeles,Trustmark Dealer,First Owner,123902
427,13-01-2017 09:02,23-01-2017 17:09,645000,West,California,Los Angeles,Dealer,First Owner,123903
428,13-01-2017 11:06,20-01-2017 11:33,2475000,West,California,Los Angeles,Dealer,First Owner,123904
429,13-01-2017 11:06,,700000,West,California,Los Angeles,Individual,First Owner,123905
430,13-01-2017 15:11,21-01-2017 06:57,950000,Central,Illinois,Chicago,Individual,First Owner,123906
431,13-01-2017 15:11,26-01-2017 14:27,160000,Central,Illinois,Chicago,Individual,Second Owner,123907
432,13-01-2017 17:53,25-01-2017 13:58,409999,Central,Illinois,Chicago,Individual,Second Owner,123908
433,13-01-2017 20:08,23-01-2017 12:39,840000,West,California,Los Angeles,Individual,Second Owner,123909
434,13-01-2017 20:12,,450000,West,California,Los Angeles,Individual,First Owner,123910
435,13-01-2017 20:53,20-01-2017 14:14,900000,South,Georgia,Atlanta,Individual,First Owner,123911
436,13-01-2017 22:21,26-01-2017 12:24,570000,South,Georgia,Atlanta,Individual,Second Owner,123912
437,13-01-2017 23:24,24-01-2017 18:28,254999,South,Georgia,Atlanta,Individual,Second Owner,123913
438,14-01-2017 01:16,27-01-2017 09:22,130000,West,California,Los Angeles,Individual,First Owner,123914
439,14-01-2017 08:33,25-01-2017 15:07,530000,East,New York,New York City,Individual,Second Owner,123915
440,14-01-2017 12:17,,520000,East,New York,New York City,Individual,Second Owner,123916
441,14-01-2017 14:20,18-01-2017 10:53,229999,East,District of Columbia,Washington,Individual,Second Owner,123917
442,14-01-2017 15:11,03-02-2017 10:50,81000,East,District of Columbia,Washington,Individual,Second Owner,123918
443,14-01-2017 15:41,24-01-2017 05:46,600000,West,California,Los Angeles,Individual,First Owner,123919
444,14-01-2017 15:42,30-01-2017 11:21,409999,West,California,Los Angeles,Individual,First Owner,123920
445,14-01-2017 16:10,14-03-2017 15:44,120000,East,New York,New York City,Individual,Second Owner,123921
446,14-01-2017 16:35,26-01-2017 15:43,320000,East,New York,New York City,Individual,First Owner,123922
447,14-01-2017 17:44,30-01-2017 10:43,292000,South,Florida,Miami,Individual,First Owner,123923
448,14-01-2017 17:57,30-01-2017 18:37,390000,West,California,Los Angeles,Individual,First Owner,123924
449,14-01-2017 17:59,25-01-2017 09:47,550000,West,California,Los Angeles,Individual,First Owner,123925
450,14-01-2017 18:27,31-01-2017 12:41,385000,Central,Illinois,Chicago,Individual,First Owner,123926
451,14-01-2017 21:28,25-01-2017 11:44,800000,Central,Texas,Dallas,Individual,First Owner,123927
452,14-01-2017 21:56,,675000,Central,Texas,Dallas,Individual,First Owner,123928
453,14-01-2017 22:17,25-01-2017 15:34,1525000,Central,Texas,Dallas,Individual,First Owner,123929
454,14-01-2017 23:05,24-01-2017 13:47,950000,East,New York,New York City,Individual,First Owner,123930
455,14-01-2017 23:05,24-01-2017 15:11,610000,East,New York,New York City,Individual,Second Owner,123931
456,15-01-2017 00:01,23-01-2017 13:49,525000,West,California,Los Angeles,Individual,First Owner,123932
457,15-01-2017 10:14,31-01-2017 09:33,700000,West,California,Los Angeles,Individual,First Owner,123933
458,15-01-2017 12:37,23-01-2017 16:14,375000,East,New York,New York City,Individual,First Owner,123934
459,15-01-2017 12:41,27-01-2017 12:13,580000,West,California,Los Angeles,Individual,First Owner,123935
460,15-01-2017 14:15,20-01-2017 10:05,434999,West,California,Los Angeles,Individual,Second Owner,123936
461,15-01-2017 14:35,13-02-2017 08:51,350000,West,California,Los Angeles,Individual,First Owner,123937
462,15-01-2017 15:52,26-01-2017 12:45,730000,South,Florida,Miami,Individual,First Owner,123938
463,15-01-2017 17:55,25-01-2017 10:56,600000,East,Pennsylvania,Philadelphia,Individual,First Owner,123939
464,15-01-2017 17:58,28-01-2017 07:58,1050000,Central,Illinois,Chicago,Individual,First Owner,123940
465,15-01-2017 17:58,26-01-2017 15:11,735000,Central,Texas,Houston,Individual,First Owner,123941
466,15-01-2017 18:57,20-01-2017 16:47,1050000,Central,Texas,Houston,Dealer,First Owner,123942
467,15-01-2017 21:46,09-02-2017 10:32,420000,West,California,Los Angeles,Individual,Second Owner,123943
468,15-01-2017 23:17,31-01-2017 15:57,800000,West,California,Los Angeles,Individual,First Owner,123944
469,15-01-2017 23:25,27-01-2017 10:32,2000000,Central,Illinois,Chicago,Individual,First Owner,123945
470,16-01-2017 00:05,27-01-2017 17:04,600000,Central,Illinois,Chicago,Individual,Second Owner,123946
471,16-01-2017 09:56,26-01-2017 16:01,1900000,West,California,Los Angeles,Individual,First Owner,123947
472,16-01-2017 13:01,21-02-2017 14:51,500000,East,New York,New York City,Individual,Third Owner,123948
473,16-01-2017 13:17,25-01-2017 11:00,200000,Central,Michigan,Detroit,Individual,Second Owner,123949
474,16-01-2017 13:17,25-01-2017 08:43,370000,Central,Illinois,Chicago,Individual,First Owner,123950
475,16-01-2017 13:21,20-01-2017 15:47,260000,Central,Illinois,Chicago,Individual,Second Owner,123951
476,16-01-2017 14:04,23-02-2017 05:03,280000,South,North Carolina,Charlotte,Individual,First Owner,123952
477,16-01-2017 14:24,23-01-2017 08:56,610000,South,North Carolina,Charlotte,Individual,First Owner,123953
478,16-01-2017 16:24,,300000,East,New York,New York City,Individual,Second Owner,123954
479,16-01-2017 16:41,26-01-2017 16:24,140000,East,New York,New York City,Individual,First Owner,123955
480,16-01-2017 18:36,25-01-2017 13:58,229999,South,North Carolina,Charlotte,Individual,First Owner,123956
481,16-01-2017 19:04,30-01-2017 15:41,200000,East,Pennsylvania,Philadelphia,Individual,Second Owner,123957
482,16-01-2017 19:24,27-01-2017 15:09,200000,East,Pennsylvania,Philadelphia,Individual,First Owner,123958
483,16-01-2017 21:08,24-01-2017 13:57,560000,East,District of Columbia,Washington,Individual,First Owner,123959
484,16-01-2017 21:18,24-01-2017 19:16,750000,East,District of Columbia,Washington,Individual,First Owner,123960
485,16-01-2017 21:55,26-01-2017 14:24,585000,East,District of Columbia,Washington,Individual,First Owner,123961
486,16-01-2017 22:58,27-01-2017 15:34,760000,South,North Carolina,Charlotte,Individual,First Owner,123962
487,16-01-2017 23:03,24-01-2017 17:06,430000,South,North Carolina,Charlotte,Individual,Second Owner,123963
488,16-01-2017 23:25,23-01-2017 14:13,480000,West,California,Los Angeles,Individual,First Owner,123964
489,17-01-2017 00:16,26-01-2017 06:45,643000,South,North Carolina,Charlotte,Individual,First Owner,123965
490,17-01-2017 09:15,24-01-2017 14:31,500000,Central,Texas,Dallas,Individual,First Owner,123966
491,17-01-2017 09:15,23-01-2017 13:12,425000,East,District of Columbia,Washington,Individual,First Owner,123967
492,17-01-2017 10:49,30-01-2017 13:28,250000,West,Washington,Seattle,Individual,First Owner,123968
493,17-01-2017 11:21,24-01-2017 12:21,285000,West,California,Los Angeles,Individual,First Owner,123969
494,17-01-2017 11:26,04-02-2017 08:03,160000,West,Washington,Seattle,Individual,Third Owner,123970
495,17-01-2017 12:15,25-01-2017 13:47,250000,West,Washington,Seattle,Individual,Second Owner,123971
496,17-01-2017 12:42,20-01-2017 13:42,170000,South,Florida,Miami,Individual,Second Owner,123972
497,17-01-2017 13:23,27-01-2017 12:09,409999,East,New York,New York City,Individual,First Owner,123973
498,17-01-2017 14:23,08-02-2017 08:43,400000,East,New York,New York City,Individual,First Owner,123974
499,17-01-2017 14:23,30-01-2017 12:58,700000,East,New York,New York City,Individual,First Owner,123975
500,17-01-2017 14:50,30-01-2017 14:36,350000,West,Washington,Seattle,Individual,First Owner,123976
501,17-01-2017 14:57,26-01-2017 13:57,660000,Central,Texas,Dallas,Individual,Second Owner,123977
502,17-01-2017 14:57,24-01-2017 15:14,268000,West,California,Los Angeles,Individual,First Owner,123978
503,17-01-2017 15:01,02-02-2017 15:47,270000,West,California,Los Angeles,Individual,First Owner,123979
504,17-01-2017 15:30,01-02-2017 16:37,300000,Central,Michigan,Detroit,Individual,First Owner,123980
505,17-01-2017 16:25,31-01-2017 10:58,450000,East,New York,New York City,Individual,First Owner,123981
506,17-01-2017 16:47,27-01-2017 14:54,220000,East,New York,New York City,Individual,Second Owner,123982
507,17-01-2017 16:58,28-01-2017 11:57,250000,East,New York,New York City,Individual,Second Owner,123983
508,17-01-2017 16:59,31-01-2017 14:16,300000,East,New York,New York City,Individual,Second Owner,123984
509,17-01-2017 18:24,27-01-2017 13:32,88000,Central,Illinois,Chicago,Individual,Second Owner,123985
510,17-01-2017 18:42,10-02-2017 05:28,561000,East,New York,New York City,Individual,First Owner,123986
511,17-01-2017 18:44,27-01-2017 12:13,755000,East,New York,New York City,Individual,First Owner,123987
512,17-01-2017 18:57,31-01-2017 12:22,235000,East,New York,New York City,Individual,First Owner,123988
513,17-01-2017 19:55,25-01-2017 13:52,165000,West,Washington,Seattle,Individual,First Owner,123989
514,17-01-2017 20:20,26-01-2017 06:15,190000,South,North Carolina,Charlotte,Individual,Second Owner,123990
515,17-01-2017 20:38,23-01-2017 10:38,110000,Central,Texas,Dallas,Individual,First Owner,123991
516,17-01-2017 21:09,26-01-2017 16:25,320000,West,California,Los Angeles,Individual,Second Owner,123992
518,17-01-2017 22:26,27-01-2017 10:07,540000,West,California,San Diego,Individual,First Owner,123994
519,17-01-2017 22:34,01-02-2017 16:48,180000,West,California,San Diego,Individual,First Owner,123995
520,17-01-2017 23:37,25-01-2017 13:53,270000,West,California,Los Angeles,Individual,Third Owner,123996
521,17-01-2017 23:40,25-01-2017 12:51,450000,West,California,Los Angeles,Individual,First Owner,123997
522,18-01-2017 00:31,30-01-2017 11:51,450000,West,California,Los Angeles,Individual,First Owner,123998
523,18-01-2017 02:01,30-01-2017 11:04,200000,East,New York,New York City,Individual,First Owner,123999
524,18-01-2017 08:01,26-01-2017 15:14,425000,East,District of Columbia,Washington,Individual,First Owner,124000
525,18-01-2017 08:55,07-03-2017 08:55,400000,East,District of Columbia,Washington,Individual,First Owner,124001
526,18-01-2017 09:52,,125000,Central,Texas,Dallas,Individual,Third Owner,124002
527,18-01-2017 10:27,20-01-2017 11:42,1600000,South,North Carolina,Charlotte,Individual,First Owner,124003
528,18-01-2017 10:42,31-01-2017 16:59,900000,East,Massachusetts,Boston,Individual,First Owner,124004
529,18-01-2017 10:55,09-02-2017 07:14,450000,East,Massachusetts,Boston,Individual,First Owner,124005
530,18-01-2017 11:14,26-01-2017 14:44,210000,Central,Texas,Houston,Individual,First Owner,124006
531,18-01-2017 12:27,30-01-2017 11:47,801000,East,New York,New York City,Individual,First Owner,124007
532,18-01-2017 12:51,06-02-2017 16:56,317000,East,Pennsylvania,Philadelphia,Individual,First Owner,124008
533,18-01-2017 12:59,,600000,East,Pennsylvania,Philadelphia,Individual,Second Owner,124009
534,18-01-2017 14:32,16-02-2017 17:42,330000,East,Pennsylvania,Philadelphia,Individual,Second Owner,124010
535,18-01-2017 14:53,25-01-2017 15:06,320000,West,California,Los Angeles,Individual,Second Owner,124011
537,18-01-2017 14:56,30-01-2017 13:13,120000,South,Florida,Miami,Individual,Second Owner,124013
538,18-01-2017 15:31,25-01-2017 08:58,130000,East,District of Columbia,Washington,Individual,Second Owner,124014
539,18-01-2017 16:07,03-02-2017 12:51,220000,West,California,Los Angeles,Individual,First Owner,124015
541,18-01-2017 16:48,24-01-2017 19:02,340000,West,Washington,Seattle,Individual,First Owner,124017
542,18-01-2017 17:04,03-02-2017 12:09,200000,West,Washington,Seattle,Individual,Second Owner,124018
543,18-01-2017 17:20,27-01-2017 12:09,140000,West,California,Los Angeles,Individual,Second Owner,124019
544,18-01-2017 17:42,06-02-2017 13:33,1000000,Central,Michigan,Detroit,Individual,First Owner,124020
545,18-01-2017 17:44,31-01-2017 10:41,495000,Central,Michigan,Detroit,Individual,Second Owner,124021
546,18-01-2017 17:55,26-01-2017 13:21,236000,West,California,San Diego,Individual,First Owner,124022
547,18-01-2017 19:39,31-01-2017 09:15,390000,Central,Illinois,Chicago,Individual,First Owner,124023
548,18-01-2017 20:11,27-01-2017 09:37,275000,Central,Illinois,Chicago,Individual,Second Owner,124024
549,18-01-2017 20:14,27-01-2017 17:14,503000,Central,Illinois,Chicago,Individual,First Owner,124025
550,18-01-2017 20:48,,775000,Central,Illinois,Chicago,Dealer,First Owner,124026
551,18-01-2017 21:08,26-01-2017 21:57,1800000,West,Washington,Seattle,Individual,First Owner,124027
552,18-01-2017 22:12,26-01-2017 13:28,850000,West,Washington,Seattle,Individual,First Owner,124028
553,18-01-2017 22:41,31-01-2017 18:47,750000,West,Washington,Seattle,Individual,First Owner,124029
554,18-01-2017 22:57,24-01-2017 13:44,570000,West,Washington,Seattle,Individual,First Owner,124030
555,18-01-2017 23:02,09-02-2017 12:33,580000,West,California,Los Angeles,Individual,First Owner,124031
556,18-01-2017 23:15,30-01-2017 09:33,484999,West,California,Los Angeles,Individual,First Owner,124032
557,19-01-2017 00:08,30-01-2017 14:41,700000,East,New York,New York City,Dealer,First Owner,124033
558,19-01-2017 08:57,27-01-2017 09:15,415000,Central,Texas,Dallas,Dealer,First Owner,124034
559,19-01-2017 09:59,26-01-2017 15:48,325000,West,California,Los Angeles,Individual,First Owner,124035
560,19-01-2017 10:17,01-02-2017 01:05,550000,West,California,Los Angeles,Individual,First Owner,124036
561,19-01-2017 10:33,26-01-2017 13:05,300000,West,California,Los Angeles,Individual,First Owner,124037
562,19-01-2017 11:26,23-03-2017 08:21,217000,East,New York,New York City,Individual,First Owner,124038
563,19-01-2017 11:47,06-02-2017 13:43,700000,Central,Texas,Dallas,Individual,First Owner,124039
564,19-01-2017 12:02,26-01-2017 11:12,466000,East,District of Columbia,Washington,Individual,Fourth & Above Owner,124040
565,19-01-2017 12:48,30-01-2017 18:16,484999,West,Washington,Seattle,Dealer,First Owner,124041
566,19-01-2017 13:06,26-01-2017 13:33,670000,West,Washington,Seattle,Individual,First Owner,124042
567,19-01-2017 13:38,27-01-2017 10:42,500000,West,Washington,Seattle,Individual,Second Owner,124043
568,19-01-2017 14:04,07-02-2017 14:35,675000,West,California,San Diego,Individual,First Owner,124044
569,19-01-2017 14:28,31-01-2017 12:26,220000,Central,Illinois,Chicago,Individual,Second Owner,124045
570,19-01-2017 14:38,23-01-2017 12:38,1650000,East,New York,New York City,Individual,First Owner,124046
571,19-01-2017 15:21,26-01-2017 16:52,630000,East,New York,New York City,Individual,Second Owner,124047
572,19-01-2017 15:21,01-02-2017 18:06,250000,West,California,Los Angeles,Individual,Second Owner,124048
573,19-01-2017 15:37,10-02-2017 19:21,120000,West,Washington,Seattle,Individual,Third Owner,124049
574,19-01-2017 16:02,30-01-2017 12:31,300000,South,North Carolina,Charlotte,Individual,Second Owner,124050
575,19-01-2017 16:17,27-01-2017 16:07,525000,South,Florida,Miami,Individual,First Owner,124051
578,19-01-2017 17:17,27-01-2017 11:08,1100000,West,Washington,Seattle,Individual,First Owner,124054
579,19-01-2017 19:02,23-01-2017 20:23,480000,West,California,Los Angeles,Individual,Second Owner,124055
580,19-01-2017 19:35,24-01-2017 12:53,605000,Central,Texas,Dallas,Individual,Second Owner,124056
581,19-01-2017 20:12,06-02-2017 09:15,250000,Central,Texas,Dallas,Individual,Second Owner,124057
582,19-01-2017 20:45,30-01-2017 19:47,245000,West,California,San Francisco,Individual,Second Owner,124058
583,19-01-2017 21:24,30-01-2017 13:24,210000,West,California,San Francisco,Individual,Fourth & Above Owner,124059
584,19-01-2017 21:48,30-01-2017 11:41,730000,West,California,San Francisco,Individual,First Owner,124060
585,19-01-2017 22:26,06-02-2017 14:22,500000,East,New York,New York City,Individual,First Owner,124061
586,19-01-2017 22:41,26-01-2017 13:57,400000,East,New York,New York City,Individual,First Owner,124062
587,19-01-2017 23:12,01-02-2017 18:06,280000,East,New York,New York City,Individual,Second Owner,124063
588,20-01-2017 00:25,31-01-2017 17:44,561000,East,Pennsylvania,Philadelphia,Individual,Third Owner,124064
589,20-01-2017 00:52,24-01-2017 14:07,950000,Central,Illinois,Chicago,Dealer,First Owner,124065
590,20-01-2017 01:59,25-01-2017 16:37,375000,Central,Illinois,Chicago,Dealer,First Owner,124066
591,20-01-2017 03:35,31-01-2017 10:12,700000,Central,Illinois,Chicago,Dealer,First Owner,124067
592,20-01-2017 10:31,,375000,East,New York,New York City,Dealer,Second Owner,124068
593,20-01-2017 10:47,30-01-2017 14:46,270000,West,California,Los Angeles,Dealer,Second Owner,124069
594,20-01-2017 10:58,20-02-2017 13:34,300000,East,New York,New York City,Dealer,First Owner,124070
595,20-01-2017 11:12,30-01-2017 13:05,225000,West,California,Los Angeles,Dealer,First Owner,124071
596,20-01-2017 11:38,27-01-2017 13:16,1350000,West,California,Los Angeles,Dealer,First Owner,124072
597,20-01-2017 12:04,30-01-2017 14:23,200000,West,California,Los Angeles,Dealer,First Owner,124073
598,20-01-2017 13:32,31-01-2017 13:48,400000,East,New York,New York City,Dealer,First Owner,124074
599,20-01-2017 14:27,03-02-2017 10:38,500000,East,New York,New York City,Dealer,First Owner,124075
600,20-01-2017 14:30,03-02-2017 13:34,500000,East,New York,New York City,Dealer,First Owner,124076
601,20-01-2017 14:43,17-02-2017 13:28,1500000,West,California,Los Angeles,Dealer,First Owner,124077
602,20-01-2017 14:56,08-02-2017 10:34,555000,East,Pennsylvania,Philadelphia,Individual,Second Owner,124078
603,20-01-2017 15:08,02-02-2017 15:15,580000,East,Pennsylvania,Philadelphia,Individual,First Owner,124079
604,20-01-2017 16:27,26-01-2017 16:24,337000,West,California,Los Angeles,Individual,Third Owner,124080
605,20-01-2017 16:32,02-02-2017 10:33,175000,South,North Carolina,Charlotte,Individual,First Owner,124081
606,20-01-2017 17:23,10-02-2017 16:34,180000,South,North Carolina,Charlotte,Individual,Second Owner,124082
607,20-01-2017 17:41,07-02-2017 15:46,200000,East,New York,New York City,Individual,First Owner,124083
608,20-01-2017 19:18,30-01-2017 11:51,260000,West,Washington,Seattle,Individual,First Owner,124084
609,20-01-2017 19:22,25-01-2017 17:17,350000,South,Georgia,Atlanta,Individual,First Owner,124085
610,20-01-2017 19:23,27-01-2017 17:05,409999,South,North Carolina,Charlotte,Individual,Second Owner,124086
611,20-01-2017 19:33,30-01-2017 14:09,655000,South,North Carolina,Charlotte,Individual,First Owner,124087
612,20-01-2017 19:44,26-01-2017 15:53,370000,South,North Carolina,Charlotte,Individual,First Owner,124088
613,20-01-2017 20:33,07-02-2017 16:31,200000,East,New York,New York City,Individual,First Owner,124089
614,20-01-2017 21:20,28-01-2017 11:34,800000,East,New York,New York City,Individual,Second Owner,124090
615,20-01-2017 22:11,28-01-2017 06:41,550000,West,California,Los Angeles,Individual,First Owner,124091
616,20-01-2017 22:18,30-01-2017 18:35,300000,West,California,Los Angeles,Individual,Second Owner,124092
617,21-01-2017 06:58,30-01-2017 13:57,220000,West,California,Los Angeles,Individual,First Owner,124093
618,21-01-2017 08:50,02-02-2017 16:12,196000,West,California,Los Angeles,Individual,First Owner,124094
619,21-01-2017 09:44,30-01-2017 10:39,135000,East,New York,New York City,Individual,Second Owner,124095
620,21-01-2017 11:43,,299000,East,New York,New York City,Individual,First Owner,124096
621,21-01-2017 14:00,31-01-2017 14:56,300000,East,Pennsylvania,Philadelphia,Individual,First Owner,124097
622,21-01-2017 14:17,27-01-2017 11:34,720000,East,Pennsylvania,Philadelphia,Individual,First Owner,124098
623,21-01-2017 14:22,07-02-2017 11:28,650000,East,Pennsylvania,Philadelphia,Individual,Third Owner,124099
624,21-01-2017 15:01,02-02-2017 12:22,300000,West,California,Los Angeles,Individual,First Owner,124100
625,21-01-2017 15:41,09-02-2017 08:25,750000,West,California,Los Angeles,Individual,First Owner,124101
626,21-01-2017 16:30,31-01-2017 19:42,260000,West,California,Los Angeles,Individual,First Owner,124102
627,21-01-2017 17:08,27-01-2017 18:12,300000,East,New York,New York City,Individual,Second Owner,124103
628,21-01-2017 17:17,06-02-2017 11:00,600000,East,New York,New York City,Individual,Second Owner,124104
629,21-01-2017 17:33,30-01-2017 12:22,275000,Central,Texas,Houston,Individual,Second Owner,124105
630,21-01-2017 18:17,30-01-2017 16:12,250000,South,North Carolina,Charlotte,Individual,First Owner,124106
631,21-01-2017 18:17,26-01-2017 15:18,420000,Central,Illinois,Chicago,Individual,First Owner,124107
632,21-01-2017 18:37,02-02-2017 13:54,235000,West,California,Los Angeles,Individual,First Owner,124108
633,21-01-2017 19:46,13-02-2017 15:54,1100000,East,New York,New York City,Individual,First Owner,124109
634,21-01-2017 19:46,09-02-2017 15:44,360000,East,Massachusetts,Boston,Individual,First Owner,124110
635,21-01-2017 20:53,09-02-2017 09:53,380000,West,California,Los Angeles,Individual,Second Owner,124111
636,21-01-2017 20:53,,650000,West,California,Los Angeles,Individual,First Owner,124112
637,21-01-2017 21:12,09-02-2017 14:34,350000,West,California,Los Angeles,Individual,First Owner,124113
638,21-01-2017 21:20,06-02-2017 09:28,700000,West,California,Los Angeles,Individual,First Owner,124114
639,21-01-2017 21:58,01-02-2017 21:57,270000,West,California,Los Angeles,Individual,Third Owner,124115
640,21-01-2017 22:41,09-02-2017 12:08,450000,West,California,Los Angeles,Individual,First Owner,124116
641,22-01-2017 10:08,08-02-2017 04:57,630000,West,California,Los Angeles,Individual,First Owner,124117
642,22-01-2017 11:08,07-02-2017 15:32,229999,West,California,Los Angeles,Individual,First Owner,124118
643,22-01-2017 11:15,31-01-2017 19:43,229999,South,Florida,Miami,Individual,First Owner,124119
,,,,,,,,,
,,,,,,,,,
,,,,,,,,,
,,,,,,,,,
,,,,,,,,,
,,,,,,,,,
,,,,,,,,,
,,,,,,,,,
,,,,,,,,,
,,,,,,,,,
,,,,,,,,,
,,,,,,,,,
,,,,,,,,,
,,,,,,,,,
,,,,,,,,,
,,,,,,,,,
,,,,,,,,,
,,,,,,,,,
,,,,,,,,,
,,,,,,,,,
,,,,,,,,,
,,,,,,,,,
,,,,,,,,,
,,,,,,,,,
,,,,,,,,,
,,,,,,,,,
,,,,,,,,,
,,,,,,,,,
,,,,,,,,,
,,,,,,,,,
,,,,,,,,,
,,,,,,,,,
,,,,,,,,,
,,,,,,,,,
,,,,,,,,,
,,,,,,,,,
,,,,,,,,,
,,,,,,,,,
,,,,,,,,,
,,,,,,,,,
,,,,,,,,,
,,,,,,,,,
,,,,,,,,,
,,,,,,,,,
,,,,,,,,,
,,,,,,,,,
,,,,,,,,,
,,,,,,,,,
,,,,,,,,,
,,,,,,,,,
,,,,,,,,,
,,,,,,,,,
,,,,,,,,,
,,,,,,,,,
,,,,,,,,,
,,,,,,,,,
,,,,,,,,,
,,,,,,,,,
,,,,,,,,,
,,,,,,,,,
,,,,,,,,,
,,,,,,,,,
,,,,,,,,,
,,,,,,,,,
,,,,,,,,,
,,,,,,,,,
,,,,,,,,,
,,,,,,,,,
,,,,,,,,,
,,,,,,,,,
,,,,,,,,,
,,,,,,,,,
,,,,,,,,,
,,,,,,,,,
,,,,,,,,,
,,,,,,,,,
,,,,,,,,,
,,,,,,,,,
,,,,,,,,,
,,,,,,,,,
,,,,,,,,,
,,,,,,,,,
,,,,,,,,,
,,,,,,,,,
,,,,,,,,,
,,,,,,,,,
,,,,,,,,,
,,,,,,,,,
,,,,,,,,,
,,,,,,,,,
,,,,,,,,,
,,,,,,,,,
,,,,,,,,,
,,,,,,,,,
,,,,,,,,,
,,,,,,,,,
,,,,,,,,,
,,,,,,,,,
,,,,,,,,,
,,,,,,,,,
,,,,,,,,,
,,,,,,,,,
,,,,,,,,,
,,,,,,,,,
,,,,,,,,,
,,,,,,,,,
,,,,,,,,,
,,,,,,,,,
,,,,,,,,,
,,,,,,,,,
,,,,,,,,,
,,,,,,,,,
,,,,,,,,,
,,,,,,,,,
,,,,,,,,,
,,,,,,,,,
,,,,,,,,,
,,,,,,,,,
,,,,,,,,,
,,,,,,,,,
,,,,,,,,,
,,,,,,,,,
,,,,,,,,,
,,,,,,,,,
,,,,,,,,,
,,,,,,,,,
,,,,,,,,,
,,,,,,,,,
,,,,,,,,,
,,,,,,,,,
,,,,,,,,,
,,,,,,,,,
,,,,,,,,,
,,,,,,,,,
,,,,,,,,,
,,,,,,,,,
,,,,,,,,,
,,,,,,,,,
,,,,,,,,,
,,,,,,,,,
,,,,,,,,,
,,,,,,,,,
,,,,,,,,,
,,,,,,,,,
,,,,,,,,,
,,,,,,,,,
,,,,,,,,,
,,,,,,,,,
,,,,,,,,,
,,,,,,,,,
,,,,,,,,,
,,,,,,,,,
,,,,,,,,,
,,,,,,,,,
,,,,,,,,,
,,,,,,,,,
,,,,,,,,,
,,,,,,,,,
,,,,,,,,,
,,,,,,,,,
,,,,,,,,,
,,,,,,,,,
,,,,,,,,,
,,,,,,,,,
,,,,,,,,,
,,,,,,,,,
,,,,,,,,,
,,,,,,,,,
,,,,,,,,,
,,,,,,,,,
,,,,,,,,,
,,,,,,,,,
,,,,,,,,,
,,,,,,,,,
,,,,,,,,,
,,,,,,,,,
,,,,,,,,,
,,,,,,,,,
,,,,,,,,,
,,,,,,,,,
,,,,,,,,,
,,,,,,,,,
,,,,,,,,,
,,,,,,,,,
,,,,,,,,,
,,,,,,,,,
,,,,,,,,,
,,,,,,,,,
,,,,,,,,,
,,,,,,,,,
,,,,,,,,,
,,,,,,,,,
,,,,,,,,,
,,,,,,,,,
,,,,,,,,,
,,,,,,,,,
,,,,,,,,,
,,,,,,,,,
,,,,,,,,,
,,,,,,,,,
,,,,,,,,,
,,,,,,,,,
,,,,,,,,,
,,,,,,,,,
,,,,,,,,,
,,,,,,,,,
,,,,,,,,,
,,,,,,,,,
,,,,,,,,,
,,,,,,,,,
,,,,,,,,,
,,,,,,,,,
,,,,,,,,,
,,,,,,,,,
,,,,,,,,,
,,,,,,,,,
,,,,,,,,,
,,,,,,,,,
,,,,,,,,,
,,,,,,,,,
,,,,,,,,,
,,,,,,,,,
,,,,,,,,,
,,,,,,,,,
,,,,,,,,,
,,,,,,,,,
,,,,,,,,,
,,,,,,,,,
,,,,,,,,,
,,,,,,,,,
,,,,,,,,,
,,,,,,,,,
,,,,,,,,,
,,,,,,,,,
,,,,,,,,,
,,,,,,,,,
,,,,,,,,,
,,,,,,,,,
,,,,,,,,,
,,,,,,,,,
,,,,,,,,,
,,,,,,,,,
,,,,,,,,,
,,,,,,,,,
,,,,,,,,,
,,,,,,,,,
,,,,,,,,,
,,,,,,,,,
,,,,,,,,,
,,,,,,,,,
,,,,,,,,,
,,,,,,,,,
,,,,,,,,,
,,,,,,,,,
,,,,,,,,,
,,,,,,,,,
,,,,,,,,,
,,,,,,,,,
,,,,,,,,,
,,,,,,,,,
,,,,,,,,,
,,,,,,,,,
,,,,,,,,,
,,,,,,,,,
,,,,,,,,,
,,,,,,,,,
,,,,,,,,,
,,,,,,,,,
,,,,,,,,,
,,,,,,,,,
,,,,,,,,,
,,,,,,,,,
,,,,,,,,,
,,,,,,,,,
,,,,,,,,,
,,,,,,,,,
,,,,,,,,,
,,,,,,,,,
,,,,,,,,,
,,,,,,,,,
,,,,,,,,,
,,,,,,,,,
,,,,,,,,,
,,,,,,,,,
,,,,,,,,,
,,,,,,,,,
,,,,,,,,,
,,,,,,,,,
,,,,,,,,,
,,,,,,,,,
,,,,,,,,,
,,,,,,,,,
,,,,,,,,,
,,,,,,,,,
,,,,,,,,,
,,,,,,,,,
,,,,,,,,,
,,,,,,,,,
,,,,,,,,,
,,,,,,,,,
,,,,,,,,,
,,,,,,,,,
,,,,,,,,,
,,,,,,,,,
,,,,,,,,,
,,,,,,,,,
,,,,,,,,,
,,,,,,,,,
,,,,,,,,,
,,,,,,,,,
,,,,,,,,,
,,,,,,,,,
,,,,,,,,,
,,,,,,,,,
,,,,,,,,,
,,,,,,,,,
,,,,,,,,,
,,,,,,,,,
,,,,,,,,,
,,,,,,,,,
,,,,,,,,,
,,,,,,,,,
,,,,,,,,,
,,,,,,,,,
,,,,,,,,,
,,,,,,,,,
,,,,,,,,,
,,,,,,,,,
,,,,,,,,,
,,,,,,,,,
,,,,,,,,,
,,,,,,,,,
,,,,,,,,,
,,,,,,,,,
,,,,,,,,,
,,,,,,,,,
,,,,,,,,,
,,,,,,,,,
,,,,,,,,,
,,,,,,,,,
,,,,,,,,,
,,,,,,,,,
,,,,,,,,,
,,,,,,,,,
,,,,,,,,,
,,,,,,,,,
,,,,,,,,,
,,,,,,,,,
,,,,,,,,,
,,,,,,,,,
,,,,,,,,,
,,,,,,,,,
,,,,,,,,,
,,,,,,,,,
,,,,,,,,,
,,,,,,,,,
,,,,,,,,,
,,,,,,,,,
,,,,,,,,,
,,,,,,,,,
,,,,,,,,,
,,,,,,,,,
,,,,,,,,,
,,,,,,,,,
,,,,,,,,,
,,,,,,,,,
,,,,,,,,,
,,,,,,,,,
,,,,,,,,,
,,,,,,,,,
,,,,,,,,,
,,,,,,,,,
,,,,,,,,,
,,,,,,,,,
,,,,,,,,,
,,,,,,,,,
,,,,,,,,,
,,,,,,,,,
,,,,,,,,,
,,,,,,,,,
,,,,,,,,,
,,,,,,,,,
,,,,,,,,,
,,,,,,,,,
,,,,,,,,,
,,,,,,,,,
,,,,,,,,,
,,,,,,,,,
,,,,,,,,,
,,,,,,,,,
,,,,,,,,,
,,,,,,,,,
,,,,,,,,,
,,,,,,,,,
,,,,,,,,,
,,,,,,,,,
,,,,,,,,,
,,,,,,,,,
,,,,,,,,,
,,,,,,,,,
,,,,,,,,,
,,,,,,,,,
,,,,,,,,,
,,,,,,,,,
,,,,,,,,,
,,,,,,,,,
,,,,,,,,,
,,,,,,,,,
,,,,,,,,,
,,,,,,,,,
,,,,,,,,,
,,,,,,,,,
,,,,,,,,,
,,,,,,,,,
,,,,,,,,,
,,,,,,,,,
,,,,,,,,,
,,,,,,,,,
,,,,,,,,,
,,,,,,,,,
,,,,,,,,,
,,,,,,,,,
,,,,,,,,,
,,,,,,,,,
,,,,,,,,,
,,,,,,,,,
,,,,,,,,,
,,,,,,,,,
,,,,,,,,,
,,,,,,,,,
,,,,,,,,,
,,,,,,,,,
,,,,,,,,,
,,,,,,,,,
,,,,,,,,,
,,,,,,,,,
,,,,,,,,,
,,,,,,,,,
,,,,,,,,,
,,,,,,,,,
,,,,,,,,,
,,,,,,,,,
,,,,,,,,,
,,,,,,,,,
,,,,,,,,,
,,,,,,,,,
,,,,,,,,,
,,,,,,,,,
,,,,,,,,,
,,,,,,,,,
,,,,,,,,,
,,,,,,,,,
,,,,,,,,,
,,,,,,,,,
,,,,,,,,,
,,,,,,,,,
,,,,,,,,,
,,,,,,,,,
,,,,,,,,,
,,,,,,,,,
,,,,,,,,,
,,,,,,,,,
,,,,,,,,,
,,,,,,,,,
,,,,,,,,,
,,,,,,,,,
,,,,,,,,,
,,,,,,,,,
,,,,,,,,,
,,,,,,,,,
,,,,,,,,,
,,,,,,,,,
,,,,,,,,,
,,,,,,,,,
,,,,,,,,,
,,,,,,,,,
,,,,,,,,,
,,,,,,,,,
,,,,,,,,,
,,,,,,,,,
,,,,,,,,,
,,,,,,,,,
,,,,,,,,,
,,,,,,,,,
,,,,,,,,,
,,,,,,,,,
,,,,,,,,,
,,,,,,,,,
,,,,,,,,,
,,,,,,,,,
,,,,,,,,,
,,,,,,,,,
,,,,,,,,,
,,,,,,,,,
,,,,,,,,,
,,,,,,,,,
,,,,,,,,,
,,,,,,,,,
,,,,,,,,,
,,,,,,,,,
,,,,,,,,,
,,,,,,,,,
,,,,,,,,,
,,,,,,,,,
,,,,,,,,,
,,,,,,,,,
,,,,,,,,,
,,,,,,,,,
,,,,,,,,,
,,,,,,,,,
,,,,,,,,,
,,,,,,,,,
,,,,,,,,,
,,,,,,,,,
,,,,,,,,,
,,,,,,,,,
,,,,,,,,,
,,,,,,,,,
,,,,,,,,,
,,,,,,,,,
,,,,,,,,,
,,,,,,,,,
,,,,,,,,,
,,,,,,,,,
,,,,,,,,,
,,,,,,,,,
,,,,,,,,,
,,,,,,,,,
,,,,,,,,,
,,,,,,,,,
,,,,,,,,,
,,,,,,,,,
,,,,,,,,,
,,,,,,,,,
,,,,,,,,,
,,,,,,,,,
,,,,,,,,,
,,,,,,,,,
,,,,,,,,,
,,,,,,,,,
,,,,,,,,,
,,,,,,,,,
,,,,,,,,,
,,,,,,,,,
,,,,,,,,,
,,,,,,,,,
,,,,,,,,,
,,,,,,,,,
,,,,,,,,,
,,,,,,,,,
,,,,,,,,,
,,,,,,,,,
,,,,,,,,,
,,,,,,,,,
,,,,,,,,,
,,,,,,,,,
,,,,,,,,,
,,,,,,,,,
,,,,,,,,,
,,,,,,,,,
,,,,,,,,,
,,,,,,,,,
,,,,,,,,,
,,,,,,,,,
,,,,,,,,,
,,,,,,,,,
,,,,,,,,,
,,,,,,,,,
,,,,,,,,,
,,,,,,,,,
,,,,,,,,,
,,,,,,,,,
,,,,,,,,,
,,,,,,,,,
,,,,,,,,,
,,,,,,,,,
,,,,,,,,,
,,,,,,,,,
,,,,,,,,,
,,,,,,,,,
,,,,,,,,,
,,,,,,,,,
,,,,,,,,,
,,,,,,,,,
,,,,,,,,,
,,,,,,,,,
,,,,,,,,,
,,,,,,,,,
,,,,,,,,,
,,,,,,,,,
,,,,,,,,,
,,,,,,,,,
,,,,,,,,,
,,,,,,,,,
,,,,,,,,,
,,,,,,,,,
,,,,,,,,,
,,,,,,,,,
,,,,,,,,,
,,,,,,,,,
,,,,,,,,,
,,,,,,,,,
,,,,,,,,,
,,,,,,,,,
,,,,,,,,,
,,,,,,,,,
,,,,,,,,,
,,,,,,,,,
,,,,,,,,,
,,,,,,,,,
,,,,,,,,,
,,,,,,,,,
,,,,,,,,,
,,,,,,,,,
,,,,,,,,,
,,,,,,,,,
,,,,,,,,,
,,,,,,,,,
,,,,,,,,,
,,,,,,,,,
,,,,,,,,,
,,,,,,,,,
,,,,,,,,,
,,,,,,,,,
,,,,,,,,,
,,,,,,,,,
,,,,,,,,,
,,,,,,,,,
,,,,,,,,,
,,,,,,,,,
,,,,,,,,,
,,,,,,,,,
,,,,,,,,,
,,,,,,,,,
,,,,,,,,,
,,,,,,,,,
,,,,,,,,,
,,,,,,,,,
,,,,,,,,,
,,,,,,,,,
,,,,,,,,,
,,,,,,,,,
,,,,,,,,,
,,,,,,,,,
,,,,,,,,,
,,,,,,,,,
,,,,,,,,,
,,,,,,,,,
,,,,,,,,,
,,,,,,,,,
,,,,,,,,,
,,,,,,,,,
,,,,,,,,,
,,,,,,,,,
,,,,,,,,,
,,,,,,,,,
,,,,,,,,,
,,,,,,,,,
,,,,,,,,,
,,,,,,,,,
,,,,,,,,,
,,,,,,,,,
,,,,,,,,,
,,,,,,,,,
,,,,,,,,,
,,,,,,,,,
,,,,,,,,,
,,,,,,,,,
,,,,,,,,,
,,,,,,,,,
,,,,,,,,,
,,,,,,,,,
,,,,,,,,,
,,,,,,,,,
,,,,,,,,,
,,,,,,,,,
,,,,,,,,,
,,,,,,,,,
,,,,,,,,,
,,,,,,,,,
,,,,,,,,,
,,,,,,,,,
,,,,,,,,,
,,,,,,,,,
,,,,,,,,,
,,,,,,,,,
,,,,,,,,,
,,,,,,,,,
,,,,,,,,,
,,,,,,,,,
,,,,,,,,,
,,,,,,,,,
,,,,,,,,,
,,,,,,,,,
,,,,,,,,,
,,,,,,,,,
,,,,,,,,,
,,,,,,,,,
,,,,,,,,,
,,,,,,,,,
,,,,,,,,,
,,,,,,,,,
,,,,,,,,,
,,,,,,,,,
,,,,,,,,,
,,,,,,,,,
,,,,,,,,,
,,,,,,,,,
,,,,,,,,,
,,,,,,,,,
,,,,,,,,,
,,,,,,,,,
,,,,,,,,,
,,,,,,,,,
,,,,,,,,,
,,,,,,,,,
,,,,,,,,,
,,,,,,,,,
,,,,,,,,,
,,,,,,,,,
,,,,,,,,,
,,,,,,,,,
,,,,,,,,,
,,,,,,,,,
,,,,,,,,,
,,,,,,,,,
,,,,,,,,,
,,,,,,,,,
,,,,,,,,,
,,,,,,,,,
,,,,,,,,,
,,,,,,,,,
,,,,,,,,,
,,,,,,,,,
,,,,,,,,,
,,,,,,,,,
,,,,,,,,,
,,,,,,,,,
,,,,,,,,,
,,,,,,,,,
,,,,,,,,,
,,,,,,,,,
,,,,,,,,,
,,,,,,,,,
,,,,,,,,,
,,,,,,,,,
,,,,,,,,,
,,,,,,,,,
,,,,,,,,,
,,,,,,,,,
,,,,,,,,,
,,,,,,,,,
,,,,,,,,,
,,,,,,,,,
,,,,,,,,,
,,,,,,,,,
,,,,,,,,,
,,,,,,,,,
,,,,,,,,,
,,,,,,,,,
,,,,,,,,,
,,,,,,,,,
,,,,,,,,,
,,,,,,,,,
,,,,,,,,,
,,,,,,,,,
,,,,,,,,,
,,,,,,,,,
,,,,,,,,,
,,,,,,,,,
,,,,,,,,,
,,,,,,,,,
,,,,,,,,,
,,,,,,,,,
,,,,,,,,,
,,,,,,,,,
,,,,,,,,,
,,,,,,,,,
,,,,,,,,,
,,,,,,,,,
,,,,,,,,,
,,,,,,,,,
,,,,,,,,,
,,,,,,,,,
,,,,,,,,,
,,,,,,,,,
,,,,,,,,,
,,,,,,,,,
,,,,,,,,,
,,,,,,,,,
,,,,,,,,,
,,,,,,,,,
,,,,,,,,,
,,,,,,,,,
,,,,,,,,,
,,,,,,,,,
,,,,,,,,,
,,,,,,,,,
,,,,,,,,,
,,,,,,,,,
,,,,,,,,,
,,,,,,,,,
,,,,,,,,,
,,,,,,,,,
,,,,,,,,,
,,,,,,,,,
,,,,,,,,,
,,,,,,,,,
,,,,,,,,,
,,,,,,,,,
,,,,,,,,,
,,,,,,,,,
,,,,,,,,,
,,,,,,,,,
,,,,,,,,,
,,,,,,,,,
,,,,,,,,,
,,,,,,,,,
,,,,,,,,,
,,,,,,,,,
,,,,,,,,,
,,,,,,,,,
,,,,,,,,,
,,,,,,,,,
,,,,,,,,,
,,,,,,,,,
,,,,,,,,,
,,,,,,,,,
,,,,,,,,,
,,,,,,,,,
,,,,,,,,,
,,,,,,,,,
,,,,,,,,,
,,,,,,,,,
,,,,,,,,,
,,,,,,,,,
,,,,,,,,,
,,,,,,,,,
,,,,,,,,,
,,,,,,,,,
,,,,,,,,,
,,,,,,,,,
,,,,,,,,,
,,,,,,,,,
,,,,,,,,,
,,,,,,,,,
,,,,,,,,,
,,,,,,,,,
,,,,,,,,,
,,,,,,,,,
,,,,,,,,,
,,,,,,,,,
,,,,,,,,,
,,,,,,,,,
,,,,,,,,,
,,,,,,,,,
,,,,,,,,,
,,,,,,,,,
,,,,,,,,,
,,,,,,,,,
,,,,,,,,,
,,,,,,,,,
,,,,,,,,,
,,,,,,,,,
,,,,,,,,,
,,,,,,,,,
,,,,,,,,,
,,,,,,,,,
,,,,,,,,,
,,,,,,,,,
,,,,,,,,,
,,,,,,,,,
,,,,,,,,,
,,,,,,,,,
,,,,,,,,,
,,,,,,,,,
,,,,,,,,,
,,,,,,,,,
,,,,,,,,,
,,,,,,,,,
,,,,,,,,,
,,,,,,,,,
,,,,,,,,,
,,,,,,,,,
,,,,,,,,,
,,,,,,,,,
,,,,,,,,,
,,,,,,,,,
,,,,,,,,,
,,,,,,,,,
,,,,,,,,,
,,,,,,,,,
,,,,,,,,,
,,,,,,,,,
,,,,,,,,,
,,,,,,,,,
,,,,,,,,,
,,,,,,,,,
,,,,,,,,,
,,,,,,,,,
,,,,,,,,,
,,,,,,,,,
,,,,,,,,,
,,,,,,,,,
,,,,,,,,,
,,,,,,,,,
,,,,,,,,,
,,,,,,,,,
,,,,,,,,,
,,,,,,,,,
,,,,,,,,,
,,,,,,,,,
,,,,,,,,,
,,,,,,,,,
,,,,,,,,,
,,,,,,,,,
,,,,,,,,,
,,,,,,,,,
,,,,,,,,,
,,,,,,,,,
,,,,,,,,,
,,,,,,,,,
,,,,,,,,,
,,,,,,,,,
,,,,,,,,,
,,,,,,,,,
,,,,,,,,,
,,,,,,,,,
,,,,,,,,,
,,,,,,,,,
,,,,,,,,,
,,,,,,,,,
,,,,,,,,,
,,,,,,,,,
,,,,,,,,,
,,,,,,,,,
,,,,,,,,,
,,,,,,,,,
,,,,,,,,,
,,,,,,,,,
,,,,,,,,,
,,,,,,,,,
,,,,,,,,,
,,,,,,,,,
,,,,,,,,,
,,,,,,,,,
,,,,,,,,,
,,,,,,,,,
,,,,,,,,,
,,,,,,,,,
,,,,,,,,,
,,,,,,,,,
,,,,,,,,,
,,,,,,,,,
,,,,,,,,,
,,,,,,,,,
,,,,,,,,,
,,,,,,,,,
,,,,,,,,,
,,,,,,,,,
,,,,,,,,,
,,,,,,,,,
,,,,,,,,,
,,,,,,,,,
,,,,,,,,,
,,,,,,,,,
,,,,,,,,,
,,,,,,,,,
,,,,,,,,,
,,,,,,,,,
,,,,,,,,,
,,,,,,,,,
,,,,,,,,,
,,,,,,,,,
,,,,,,,,,
,,,,,,,,,
,,,,,,,,,
,,,,,,,,,
,,,,,,,,,
,,,,,,,,,
,,,,,,,,,
,,,,,,,,,
,,,,,,,,,
,,,,,,,,,
,,,,,,,,,
,,,,,,,,,
,,,,,,,,,
,,,,,,,,,
,,,,,,,,,
,,,,,,,,,
,,,,,,,,,
,,,,,,,,,
,,,,,,,,,
,,,,,,,,,
,,,,,,,,,
,,,,,,,,,
,,,,,,,,,
,,,,,,,,,
,,,,,,,,,
,,,,,,,,,
,,,,,,,,,
,,,,,,,,,
,,,,,,,,,
,,,,,,,,,
,,,,,,,,,
,,,,,,,,,
,,,,,,,,,
,,,,,,,,,
,,,,,,,,,
,,,,,,,,,
,,,,,,,,,
,,,,,,,,,
,,,,,,,,,
,,,,,,,,,
,,,,,,,,,
,,,,,,,,,
,,,,,,,,,
,,,,,,,,,
,,,,,,,,,
,,,,,,,,,
,,,,,,,,,
,,,,,,,,,
,,,,,,,,,
,,,,,,,,,
,,,,,,,,,
,,,,,,,,,
,,,,,,,,,
,,,,,,,,,
,,,,,,,,,
,,,,,,,,,
,,,,,,,,,
,,,,,,,,,
,,,,,,,,,
,,,,,,,,,
,,,,,,,,,
,,,,,,,,,
,,,,,,,,,
,,,,,,,,,
,,,,,,,,,
,,,,,,,,,
,,,,,,,,,
,,,,,,,,,
,,,,,,,,,
,,,,,,,,,
,,,,,,,,,
,,,,,,,,,
,,,,,,,,,
,,,,,,,,,
,,,,,,,,,
,,,,,,,,,
,,,,,,,,,
,,,,,,,,,
,,,,,,,,,
,,,,,,,,,
,,,,,,,,,
,,,,,,,,,
,,,,,,,,,
,,,,,,,,,
,,,,,,,,,
,,,,,,,,,
,,,,,,,,,
,,,,,,,,,
,,,,,,,,,
,,,,,,,,,
,,,,,,,,,
,,,,,,,,,
,,,,,,,,,
,,,,,,,,,
,,,,,,,,,
,,,,,,,,,
,,,,,,,,,
,,,,,,,,,
,,,,,,,,,
,,,,,,,,,
,,,,,,,,,
,,,,,,,,,
,,,,,,,,,
,,,,,,,,,
,,,,,,,,,
,,,,,,,,,
,,,,,,,,,
,,,,,,,,,
,,,,,,,,,
,,,,,,,,,
,,,,,,,,,
,,,,,,,,,
,,,,,,,,,
,,,,,,,,,
,,,,,,,,,
,,,,,,,,,
,,,,,,,,,
,,,,,,,,,
,,,,,,,,,
,,,,,,,,,
,,,,,,,,,
,,,,,,,,,
,,,,,,,,,
,,,,,,,,,
,,,,,,,,,
,,,,,,,,,
,,,,,,,,,
,,,,,,,,,
,,,,,,,,,
,,,,,,,,,
,,,,,,,,,
,,,,,,,,,
,,,,,,,,,
,,,,,,,,,
,,,,,,,,,
,,,,,,,,,
,,,,,,,,,
,,,,,,,,,
,,,,,,,,,
,,,,,,,,,
,,,,,,,,,
,,,,,,,,,
,,,,,,,,,
,,,,,,,,,
,,,,,,,,,
,,,,,,,,,
,,,,,,,,,
,,,,,,,,,
,,,,,,,,,
,,,,,,,,,
,,,,,,,,,
,,,,,,,,,
,,,,,,,,,
,,,,,,,,,
,,,,,,,,,
,,,,,,,,,
,,,,,,,,,
,,,,,,,,,
,,,,,,,,,
,,,,,,,,,
,,,,,,,,,
,,,,,,,,,
,,,,,,,,,
,,,,,,,,,
,,,,,,,,,
,,,,,,,,,
,,,,,,,,,
,,,,,,,,,
,,,,,,,,,
,,,,,,,,,
,,,,,,,,,
,,,,,,,,,
,,,,,,,,,
,,,,,,,,,
,,,,,,,,,
,,,,,,,,,
,,,,,,,,,
,,,,,,,,,
,,,,,,,,,
,,,,,,,,,
,,,,,,,,,
,,,,,,,,,
,,,,,,,,,
,,,,,,,,,
,,,,,,,,,
,,,,,,,,,
,,,,,,,,,
,,,,,,,,,
,,,,,,,,,
,,,,,,,,,
,,,,,,,,,
,,,,,,,,,
,,,,,,,,,
,,,,,,,,,
,,,,,,,,,
,,,,,,,,,
,,,,,,,,,
,,,,,,,,,
,,,,,,,,,
,,,,,,,,,
,,,,,,,,,
,,,,,,,,,
,,,,,,,,,
,,,,,,,,,
,,,,,,,,,
,,,,,,,,,
,,,,,,,,,
,,,,,,,,,
,,,,,,,,,
,,,,,,,,,
,,,,,,,,,
,,,,,,,,,
,,,,,,,,,
,,,,,,,,,
,,,,,,,,,
,,,,,,,,,
,,,,,,,,,
,,,,,,,,,
,,,,,,,,,
,,,,,,,,,
,,,,,,,,,
,,,,,,,,,
,,,,,,,,,
,,,,,,,,,
,,,,,,,,,
,,,,,,,,,
,,,,,,,,,
,,,,,,,,,
,,,,,,,,,
,,,,,,,,,
,,,,,,,,,
,,,,,,,,,
,,,,,,,,,
,,,,,,,,,
,,,,,,,,,
,,,,,,,,,
,,,,,,,,,
,,,,,,,,,
,,,,,,,,,
,,,,,,,,,
,,,,,,,,,
,,,,,,,,,
,,,,,,,,,
,,,,,,,,,
,,,,,,,,,
,,,,,,,,,
,,,,,,,,,
,,,,,,,,,
,,,,,,,,,
,,,,,,,,,
,,,,,,,,,
,,,,,,,,,
,,,,,,,,,
,,,,,,,,,
,,,,,,,,,
,,,,,,,,,
,,,,,,,,,
,,,,,,,,,
,,,,,,,,,
,,,,,,,,,
,,,,,,,,,
,,,,,,,,,
,,,,,,,,,
,,,,,,,,,
,,,,,,,,,
,,,,,,,,,
,,,,,,,,,
,,,,,,,,,
,,,,,,,,,
,,,,,,,,,
,,,,,,,,,
,,,,,,,,,
,,,,,,,,,
,,,,,,,,,
,,,,,,,,,
,,,,,,,,,
,,,,,,,,,
,,,,,,,,,
,,,,,,,,,
,,,,,,,,,
,,,,,,,,,
,,,,,,,,,
,,,,,,,,,
,,,,,,,,,
,,,,,,,,,
,,,,,,,,,
,,,,,,,,,
,,,,,,,,,
,,,,,,,,,
,,,,,,,,,
,,,,,,,,,
,,,,,,,,,
,,,,,,,,,
,,,,,,,,,
,,,,,,,,,
,,,,,,,,,
,,,,,,,,,
,,,,,,,,,
,,,,,,,,,
,,,,,,,,,
,,,,,,,,,
,,,,,,,,,
,,,,,,,,,
,,,,,,,,,
,,,,,,,,,
,,,,,,,,,
,,,,,,,,,
,,,,,,,,,
,,,,,,,,,
,,,,,,,,,
,,,,,,,,,
,,,,,,,,,
,,,,,,,,,
,,,,,,,,,
,,,,,,,,,
,,,,,,,,,
,,,,,,,,,
,,,,,,,,,
,,,,,,,,,
,,,,,,,,,
,,,,,,,,,
,,,,,,,,,
,,,,,,,,,
,,,,,,,,,
,,,,,,,,,
,,,,,,,,,
,,,,,,,,,
,,,,,,,,,
,,,,,,,,,
,,,,,,,,,
,,,,,,,,,
,,,,,,,,,
,,,,,,,,,
,,,,,,,,,
,,,,,,,,,
,,,,,,,,,
,,,,,,,,,
,,,,,,,,,
,,,,,,,,,
,,,,,,,,,
,,,,,,,,,
,,,,,,,,,
,,,,,,,,,
,,,,,,,,,
,,,,,,,,,
,,,,,,,,,
,,,,,,,,,
,,,,,,,,,
,,,,,,,,,
,,,,,,,,,
,,,,,,,,,
,,,,,,,,,
,,,,,,,,,
,,,,,,,,,
,,,,,,,,,
,,,,,,,,,
,,,,,,,,,
,,,,,,,,,
,,,,,,,,,
,,,,,,,,,
,,,,,,,,,
,,,,,,,,,
,,,,,,,,,
,,,,,,,,,
,,,,,,,,,
,,,,,,,,,
,,,,,,,,,
,,,,,,,,,
,,,,,,,,,
,,,,,,,,,
,,,,,,,,,
,,,,,,,,,
,,,,,,,,,
,,,,,,,,,
,,,,,,,,,
,,,,,,,,,
,,,,,,,,,
,,,,,,,,,
,,,,,,,,,
,,,,,,,,,
,,,,,,,,,
,,,,,,,,,
,,,,,,,,,
,,,,,,,,,
,,,,,,,,,
,,,,,,,,,
,,,,,,,,,
,,,,,,,,,
,,,,,,,,,
,,,,,,,,,
,,,,,,,,,
,,,,,,,,,
,,,,,,,,,
,,,,,,,,,
,,,,,,,,,
,,,,,,,,,
,,,,,,,,,
,,,,,,,,,
,,,,,,,,,
,,,,,,,,,
,,,,,,,,,
,,,,,,,,,
,,,,,,,,,
,,,,,,,,,
,,,,,,,,,
,,,,,,,,,
,,,,,,,,,
,,,,,,,,,
,,,,,,,,,
,,,,,,,,,
,,,,,,,,,
,,,,,,,,,
,,,,,,,,,
,,,,,,,,,
,,,,,,,,,
,,,,,,,,,
,,,,,,,,,
,,,,,,,,,
,,,,,,,,,
,,,,,,,,,
,,,,,,,,,
,,,,,,,,,
,,,,,,,,,
,,,,,,,,,
,,,,,,,,,
,,,,,,,,,
,,,,,,,,,
,,,,,,,,,
,,,,,,,,,
,,,,,,,,,
,,,,,,,,,
,,,,,,,,,
,,,,,,,,,
,,,,,,,,,
,,,,,,,,,
,,,,,,,,,
,,,,,,,,,
,,,,,,,,,
,,,,,,,,,
,,,,,,,,,
,,,,,,,,,
,,,,,,,,,
,,,,,,,,,
,,,,,,,,,
,,,,,,,,,
,,,,,,,,,
,,,,,,,,,
,,,,,,,,,
,,,,,,,,,
,,,,,,,,,
,,,,,,,,,
,,,,,,,,,
,,,,,,,,,
,,,,,,,,,
,,,,,,,,,
,,,,,,,,,
,,,,,,,,,
,,,,,,,,,
,,,,,,,,,
,,,,,,,,,
,,,,,,,,,
,,,,,,,,,
,,,,,,,,,
,,,,,,,,,
,,,,,,,,,
,,,,,,,,,
,,,,,,,,,
,,,,,,,,,
,,,,,,,,,
,,,,,,,,,
,,,,,,,,,
,,,,,,,,,
,,,,,,,,,
,,,,,,,,,
,,,,,,,,,
,,,,,,,,,
,,,,,,,,,
,,,,,,,,,
,,,,,,,,,
,,,,,,,,,
,,,,,,,,,
,,,,,,,,,
,,,,,,,,,
,,,,,,,,,
,,,,,,,,,
,,,,,,,,,
,,,,,,,,,
,,,,,,,,,
,,,,,,,,,
,,,,,,,,,
,,,,,,,,,
,,,,,,,,,
,,,,,,,,,
,,,,,,,,,
,,,,,,,,,
,,,,,,,,,
,,,,,,,,,
,,,,,,,,,
,,,,,,,,,
,,,,,,,,,
,,,,,,,,,
,,,,,,,,,
,,,,,,,,,
,,,,,,,,,
,,,,,,,,,
,,,,,,,,,
,,,,,,,,,
,,,,,,,,,
,,,,,,,,,
,,,,,,,,,
,,,,,,,,,
,,,,,,,,,
,,,,,,,,,
,,,,,,,,,
,,,,,,,,,
,,,,,,,,,
,,,,,,,,,
,,,,,,,,,
,,,,,,,,,
,,,,,,,,,
,,,,,,,,,
,,,,,,,,,
,,,,,,,,,
,,,,,,,,,
,,,,,,,,,
,,,,,,,,,
,,,,,,,,,
,,,,,,,,,
,,,,,,,,,
,,,,,,,,,
,,,,,,,,,
,,,,,,,,,
,,,,,,,,,
,,,,,,,,,
,,,,,,,,,
,,,,,,,,,
,,,,,,,,,
,,,,,,,,,
,,,,,,,,,
,,,,,,,,,
,,,,,,,,,
,,,,,,,,,
,,,,,,,,,
,,,,,,,,,
,,,,,,,,,
,,,,,,,,,
,,,,,,,,,
,,,,,,,,,
,,,,,,,,,
,,,,,,,,,
,,,,,,,,,
,,,,,,,,,
,,,,,,,,,
,,,,,,,,,
,,,,,,,,,
,,,,,,,,,
,,,,,,,,,
,,,,,,,,,
,,,,,,,,,
,,,,,,,,,
,,,,,,,,,
,,,,,,,,,
,,,,,,,,,
,,,,,,,,,
,,,,,,,,,
,,,,,,,,,
,,,,,,,,,
,,,,,,,,,
,,,,,,,,,
,,,,,,,,,
,,,,,,,,,
,,,,,,,,,
,,,,,,,,,
,,,,,,,,,
,,,,,,,,,
,,,,,,,,,
,,,,,,,,,
,,,,,,,,,
,,,,,,,,,
,,,,,,,,,
,,,,,,,,,
,,,,,,,,,
,,,,,,,,,
,,,,,,,,,
,,,,,,,,,
,,,,,,,,,
,,,,,,,,,
,,,,,,,,,
,,,,,,,,,
,,,,,,,,,
,,,,,,,,,
,,,,,,,,,
,,,,,,,,,
,,,,,,,,,
,,,,,,,,,
,,,,,,,,,
,,,,,,,,,
,,,,,,,,,
,,,,,,,,,
,,,,,,,,,
,,,,,,,,,
,,,,,,,,,
,,,,,,,,,
,,,,,,,,,
,,,,,,,,,
,,,,,,,,,
,,,,,,,,,
,,,,,,,,,
,,,,,,,,,
,,,,,,,,,
,,,,,,,,,
,,,,,,,,,
,,,,,,,,,
,,,,,,,,,
,,,,,,,,,
,,,,,,,,,
,,,,,,,,,
,,,,,,,,,
,,,,,,,,,
,,,,,,,,,
,,,,,,,,,
,,,,,,,,,
,,,,,,,,,
,,,,,,,,,
,,,,,,,,,
,,,,,,,,,
,,,,,,,,,
,,,,,,,,,
,,,,,,,,,
,,,,,,,,,
,,,,,,,,,
,,,,,,,,,
,,,,,,,,,
,,,,,,,,,
,,,,,,,,,
,,,,,,,,,
,,,,,,,,,
,,,,,,,,,
,,,,,,,,,
,,,,,,,,,
,,,,,,,,,
,,,,,,,,,
,,,,,,,,,
,,,,,,,,,
,,,,,,,,,
,,,,,,,,,
,,,,,,,,,
,,,,,,,,,
,,,,,,,,,
,,,,,,,,,
,,,,,,,,,
,,,,,,,,,
,,,,,,,,,
,,,,,,,,,
,,,,,,,,,
,,,,,,,,,
,,,,,,,,,
,,,,,,,,,
,,,,,,,,,
,,,,,,,,,
,,,,,,,,,
,,,,,,,,,
,,,,,,,,,
,,,,,,,,,
,,,,,,,,,
,,,,,,,,,
,,,,,,,,,
,,,,,,,,,
,,,,,,,,,
,,,,,,,,,
,,,,,,,,,
,,,,,,,,,
,,,,,,,,,
,,,,,,,,,
,,,,,,,,,
,,,,,,,,,
,,,,,,,,,
,,,,,,,,,
,,,,,,,,,
,,,,,,,,,
,,,,,,,,,
,,,,,,,,,
,,,,,,,,,
,,,,,,,,,
,,,,,,,,,
,,,,,,,,,
,,,,,,,,,
,,,,,,,,,
,,,,,,,,,
,,,,,,,,,
,,,,,,,,,
,,,,,,,,,
,,,,,,,,,
,,,,,,,,,
,,,,,,,,,
,,,,,,,,,
,,,,,,,,,
,,,,,,,,,
,,,,,,,,,
,,,,,,,,,
,,,,,,,,,
,,,,,,,,,
,,,,,,,,,
,,,,,,,,,
,,,,,,,,,
,,,,,,,,,
,,,,,,,,,
,,,,,,,,,
,,,,,,,,,
,,,,,,,,,
,,,,,,,,,
,,,,,,,,,
,,,,,,,,,
,,,,,,,,,
,,,,,,,,,
,,,,,,,,,
,,,,,,,,,
,,,,,,,,,
,,,,,,,,,
,,,,,,,,,
,,,,,,,,,
,,,,,,,,,
,,,,,,,,,
,,,,,,,,,
,,,,,,,,,
,,,,,,,,,
,,,,,,,,,
,,,,,,,,,
,,,,,,,,,
,,,,,,,,,
,,,,,,,,,
,,,,,,,,,
,,,,,,,,,
,,,,,,,,,
,,,,,,,,,
,,,,,,,,,
,,,,,,,,,
,,,,,,,,,
,,,,,,,,,
,,,,,,,,,
,,,,,,,,,
,,,,,,,,,
,,,,,,,,,
,,,,,,,,,
,,,,,,,,,
,,,,,,,,,
,,,,,,,,,
,,,,,,,,,
,,,,,,,,,
,,,,,,,,,
,,,,,,,,,
,,,,,,,,,
,,,,,,,,,
,,,,,,,,,
,,,,,,,,,
,,,,,,,,,
,,,,,,,,,
,,,,,,,,,
,,,,,,,,,
,,,,,,,,,
,,,,,,,,,
,,,,,,,,,
,,,,,,,,,
,,,,,,,,,
,,,,,,,,,
,,,,,,,,,
,,,,,,,,,
,,,,,,,,,
,,,,,,,,,
,,,,,,,,,
,,,,,,,,,
,,,,,,,,,
,,,,,,,,,
,,,,,,,,,
,,,,,,,,,
,,,,,,,,,
,,,,,,,,,
,,,,,,,,,
,,,,,,,,,
,,,,,,,,,
,,,,,,,,,
,,,,,,,,,
,,,,,,,,,
,,,,,,,,,
,,,,,,,,,
,,,,,,,,,
,,,,,,,,,
,,,,,,,,,
,,,,,,,,,
,,,,,,,,,
,,,,,,,,,
,,,,,,,,,
,,,,,,,,,
,,,,,,,,,
,,,,,,,,,
,,,,,,,,,
,,,,,,,,,
,,,,,,,,,
,,,,,,,,,
,,,,,,,,,
,,,,,,,,,
,,,,,,,,,
,,,,,,,,,
,,,,,,,,,
,,,,,,,,,
,,,,,,,,,
,,,,,,,,,
,,,,,,,,,
,,,,,,,,,
,,,,,,,,,
,,,,,,,,,
,,,,,,,,,
,,,,,,,,,
,,,,,,,,,
,,,,,,,,,
,,,,,,,,,
,,,,,,,,,
,,,,,,,,,
,,,,,,,,,
,,,,,,,,,
,,,,,,,,,
,,,,,,,,,
,,,,,,,,,
,,,,,,,,,
,,,,,,,,,
,,,,,,,,,
,,,,,,,,,
,,,,,,,,,
,,,,,,,,,
,,,,,,,,,
,,,,,,,,,
,,,,,,,,,
,,,,,,,,,
,,,,,,,,,
,,,,,,,,,
,,,,,,,,,
,,,,,,,,,
,,,,,,,,,
,,,,,,,,,
,,,,,,,,,
,,,,,,,,,
,,,,,,,,,
,,,,,,,,,
,,,,,,,,,
,,,,,,,,,
,,,,,,,,,
,,,,,,,,,
,,,,,,,,,
,,,,,,,,,
,,,,,,,,,
,,,,,,,,,
,,,,,,,,,
,,,,,,,,,
,,,,,,,,,
,,,,,,,,,
,,,,,,,,,
,,,,,,,,,
,,,,,,,,,
,,,,,,,,,
,,,,,,,,,
,,,,,,,,,
,,,,,,,,,
,,,,,,,,,
,,,,,,,,,
,,,,,,,,,
,,,,,,,,,
,,,,,,,,,
,,,,,,,,,
,,,,,,,,,
,,,,,,,,,
,,,,,,,,,
,,,,,,,,,
,,,,,,,,,
,,,,,,,,,
,,,,,,,,,
,,,,,,,,,
,,,,,,,,,
,,,,,,,,,
,,,,,,,,,
,,,,,,,,,
,,,,,,,,,
,,,,,,,,,
,,,,,,,,,
,,,,,,,,,
,,,,,,,,,
,,,,,,,,,
,,,,,,,,,
,,,,,,,,,
,,,,,,,,,
,,,,,,,,,
,,,,,,,,,
,,,,,,,,,
,,,,,,,,,
,,,,,,,,,
,,,,,,,,,
,,,,,,,,,
,,,,,,,,,
,,,,,,,,,
,,,,,,,,,
,,,,,,,,,
,,,,,,,,,
,,,,,,,,,
,21-02-2017 09:59,02-03-2017 17:13,,,,,,,
